Date,AGGREGATE,BRITISH_COLUMBIA,VANCOUVER_ISLAND,VICTORIA,LOWER_MAINLAND,GREATER_VANCOUVER,FRASER_VALLEY,CHILLIWACK_AND_DISTRICT,INTERIOR_BC,ALBERTA,CALGARY,EDMONTON,SASKATCHEWAN,REGINA,SASKATOON,WINNIPEG,ONTARIO,BARRIE_AND_DISTRICT,BRANTFORD_REGION,CAMBRIDGE,GREY_BRUCE_OWEN_SOUND,GUELPH_AND_DISTRICT,HAMILTON_BURLINGTON,HURON_PERTH,KINGSTON_AND_AREA,KITCHENER_WATERLOO,LAKELANDS,LONDON_ST_THOMAS,MISSISSAUGA,NIAGARA_REGION,OAKVILLE_MILTON,OTTAWA,RIDEAU_ST_LAWRENCE,GREATER_TORONTO,WINDSOR_ESSEX,QUEBEC,CENTRE_DU_QUEBEC,ESTRIE,MAURICIE,MONTREAL_CMA,QUEBEC_CMA,NEW_BRUNSWICK,FREDERICTON,GREATER_MONCTON,SAINT_JOHN_NB,NOVA_SCOTIA,HALIFAX_DARTMOUTH,NEWFOUNDLAND_AND_LABRADOR,ST_JOHNS_NL
2005-01-01 00:00:00,172000,189300,99400,173200,201800,219000,123000,96000,139400,124000,136100,108400,87800,98600,83600,105000,180100,158900,110200,167900,107800,167400,156400,169300,165400,116100,182200,100600,169600,141100,187200,165000,129100,189100,119200,152200,83400,112100,94000,160100,110600,116200,123400,92600,97000,169800,169800,106800,106500
2005-02-01 00:00:00,173000,191200,101200,176100,203300,220800,123500,95800,144200,123800,136400,107800,87500,97500,83800,105300,180700,159800,110300,168200,108600,168200,157100,169300,165400,117800,184500,99800,172700,142400,191700,165300,129300,189600,118400,154600,82500,111500,92900,162600,110900,116500,123600,93000,97400,169700,169700,106800,106500
2005-03-01 00:00:00,173900,193600,103200,178900,205800,223800,123700,95500,143600,123300,137000,106800,87300,95800,83900,105300,181900,160600,110500,168500,109500,169100,157700,169300,165400,117600,186900,97400,175600,143700,193700,165500,129300,191000,117700,151900,81500,110900,91700,159700,111400,116800,123900,93500,97800,169600,169600,106800,106500
2005-04-01 00:00:00,174600,194900,106000,182600,207000,225100,124800,95500,144300,122100,135900,107500,87000,94800,84000,106100,182300,160600,110600,168800,110400,169900,158400,169300,165400,120100,189300,99700,172200,145000,194700,165600,129300,191400,117000,153300,81400,110300,91200,161400,111200,117100,124100,93900,98200,169500,169500,106800,106500
2005-05-01 00:00:00,175400,196300,109200,186000,208700,226900,125100,95600,142200,120500,135300,107900,86700,93600,84100,106800,183700,160600,110800,169100,111300,170800,159000,169300,165400,115900,191800,107800,181100,146400,193400,165600,129300,193100,116300,151900,80000,109800,90000,160000,110700,117300,124300,94400,98700,169400,169400,106800,106500
2005-06-01 00:00:00,176800,199600,112200,189700,211800,230400,126500,95800,148000,119400,135200,107600,86500,92600,84300,107600,184500,160600,110900,169300,112200,171600,159700,169300,165400,120600,194300,99100,174000,147800,192100,165400,129400,194400,115600,152900,79400,109200,89100,161000,110900,117600,124600,94900,99100,169300,169300,106800,106500
2005-07-01 00:00:00,178100,202100,113300,193400,214600,233300,128400,96400,147200,120700,136700,108500,87400,94500,84600,108200,184900,160400,111100,169600,113100,173500,158600,169300,165400,119200,194600,104300,179200,145500,192600,165900,129600,194500,114900,153700,79300,113500,89000,161300,116000,117900,124800,95300,99500,168500,168500,106800,106500
2005-08-01 00:00:00,179200,204300,114800,196900,216400,235500,129200,97100,151700,121600,137900,108700,88300,96300,84900,109000,185800,160100,111200,169900,114100,175400,157500,169300,165400,120800,194900,104600,175000,143300,193500,166100,130000,195500,114200,152200,79200,118000,89000,159300,115100,118200,125000,95800,99900,167800,167800,106800,106500
2005-09-01 00:00:00,182800,211500,116500,200500,225100,245500,131600,97400,152900,124000,140200,109100,89300,99000,85300,109700,186500,159500,111300,170200,115000,177300,156400,169300,165400,126000,195100,107900,172300,141100,194300,165800,130400,196300,113500,152100,79200,122700,89100,159800,109800,118500,125300,96300,100300,167000,167000,106800,106500
2005-10-01 00:00:00,184000,214000,119300,203600,227300,247600,134200,100800,159400,126900,142800,111400,90500,101400,86100,110900,187100,163000,111500,170500,115900,174000,157600,169300,165400,120900,195300,112300,175800,143200,198100,167400,130700,196600,112800,153600,79100,123000,89000,160900,114000,118800,125500,96800,100700,167500,167500,106800,106500
2005-11-01 00:00:00,186100,216800,122100,207200,230300,250900,136500,104000,157500,131400,147000,114100,91700,104200,86900,112100,188900,166300,111600,170800,116900,170800,158900,169300,165400,122600,195400,110200,185100,145500,201900,168700,130800,198200,112100,153500,79100,123300,89000,160700,115200,119000,125700,97200,101200,168000,168000,106800,106500
2005-12-01 00:00:00,188200,220300,124700,211500,233700,254000,138100,107500,160800,136500,152400,116500,92900,106800,87800,113600,190000,169900,111800,171100,117800,167600,160200,169300,165400,115500,195600,108600,177700,147700,208200,170400,130800,199900,111400,151500,79200,123700,89000,157900,115400,119300,125900,97700,101600,168500,168500,106800,106500
2006-01-01 00:00:00,190600,224800,128600,214800,238500,259600,141700,108600,166200,140700,158200,117400,93200,106700,88500,114200,190500,169300,113000,171400,118500,171300,161500,163400,165400,123400,194200,111200,174400,145800,201700,170900,131200,200300,113600,154000,79300,122700,89400,161100,116000,120200,126600,100100,102100,168800,168800,106800,106500
2006-02-01 00:00:00,193000,228800,133100,217300,242900,264400,144800,110400,167500,145200,165600,118400,93600,106000,89200,115100,192200,169200,114200,171600,119100,175100,162800,157700,165400,124100,192900,106700,176200,143900,197200,171700,131400,202500,115700,153900,79800,121700,89800,160900,115900,121000,127200,102500,102600,169100,169100,106800,106500
2006-03-01 00:00:00,194900,232200,137100,219300,246400,268000,148200,112100,172800,150600,174900,119000,93900,103300,90000,116000,192000,168900,115400,171900,119800,179000,164200,152200,165400,124200,191600,107400,176800,142000,190600,172600,131500,202100,118000,154300,80900,120700,90800,161000,119300,121800,127800,105000,103100,169400,169400,106800,106500
2006-04-01 00:00:00,197300,236000,138700,221900,250600,272200,151400,114000,175400,157300,183200,124900,95100,106800,90800,116700,193100,169400,116700,172200,120500,175500,165500,146900,165400,124400,194600,112500,180100,142700,195700,171800,131600,203200,120200,154300,80600,122000,90300,161000,120100,122700,128400,107600,103600,169900,169900,106800,106500
2006-05-01 00:00:00,200000,239600,140700,224100,254800,276400,156200,116100,176200,166800,197100,130800,96400,107200,91500,117400,193500,169700,117900,172500,121200,172200,166900,141700,165400,126600,197700,113300,182200,143300,198700,171100,131700,203800,122500,155600,81200,123300,91200,162500,120000,123500,129100,110200,104200,170300,170300,106800,106500
2006-06-01 00:00:00,202500,242800,142900,226800,258100,279600,159700,118300,179800,176800,210800,136500,97700,110100,92300,118200,193800,170100,119200,172800,121900,168900,168300,136800,165400,132600,200800,115800,178100,143900,201900,170000,131800,203700,124900,155600,81900,124700,91900,162700,118300,124400,129700,112900,104700,170800,170800,106800,106500
2006-07-01 00:00:00,205100,246100,144100,227000,262000,283700,163100,120800,182800,187300,220500,146800,97600,107400,93000,119500,194700,170900,120000,172600,124100,170700,164700,142000,165400,127700,204300,111700,176000,144600,203500,171800,134000,205200,124400,155000,81700,125100,91400,161800,120900,125100,130700,113900,102800,173100,173100,107900,107700
2006-08-01 00:00:00,208000,249300,145800,227400,265600,287500,165800,123300,186000,197100,229100,157300,97600,107700,93600,120800,195500,171700,120800,172400,126400,172500,161100,147300,165400,126200,208000,107700,181800,145300,205300,173200,136300,205800,123900,157300,81000,125500,91100,164200,121100,125700,131700,115100,101000,175500,175500,109100,108900
2006-09-01 00:00:00,211200,252100,147800,227500,268500,290300,168500,125300,191400,207300,237000,168800,97600,105700,94300,122100,196800,172200,121600,172200,128800,174400,157600,152900,165400,125700,211700,109000,184800,145900,207300,174400,138900,207300,123400,158100,80700,125900,90800,165000,121300,126400,132700,116200,99300,178000,178000,110300,110100
2006-10-01 00:00:00,212200,253300,147600,228500,270600,292700,169500,128000,190300,212500,240800,176200,99100,108600,96100,124000,197000,174600,122400,172000,131200,173100,161100,158700,165400,127600,207100,114900,177600,145600,206800,174900,141100,207500,122900,158600,80400,126400,90400,165200,123400,127000,133700,117300,97500,176800,176800,111500,111300
2006-11-01 00:00:00,213300,255100,147000,230300,272000,294100,171200,130400,193900,218100,244300,184000,100600,109900,97900,125800,197200,176700,123200,171800,133700,171900,164600,164700,165400,129800,202600,108900,175100,145300,206400,175000,143200,207800,122400,157700,80000,127000,90000,164500,121600,127700,134700,118400,95800,175600,175600,112800,112500
2006-12-01 00:00:00,215100,256000,146400,232500,272300,293300,172900,133200,198100,223200,246700,191900,102200,111800,99800,127700,198500,179200,124000,171600,136100,170600,168200,170900,165400,127500,198300,110400,185000,145000,207800,175400,145200,208900,121900,160200,79700,127500,89700,166900,123700,128400,135700,119600,94100,174400,174400,114000,113700
2007-01-01 00:00:00,217300,258600,147300,235600,275300,297300,175600,134600,196500,229000,251000,199700,107700,114400,106000,127500,199700,179400,124600,172900,135600,170100,169200,166500,165400,131800,196500,114500,175500,143900,208000,176100,143800,210400,120200,161400,80100,127900,90300,168400,123900,128700,136200,119200,94100,174500,174500,112900,112600
2007-02-01 00:00:00,219200,261900,148700,238000,279000,301300,177700,136400,198400,235500,255400,207600,113500,118300,112700,127500,200500,179800,125100,174100,135000,169600,170200,162300,165400,130800,194800,111000,181800,142800,210000,177300,142100,211200,118600,160700,80900,128300,91000,167600,123800,129000,136600,118900,94000,174500,174500,111800,111500
2007-03-01 00:00:00,221900,264300,150500,239800,281900,304100,180300,138500,198500,241500,258500,215500,119600,120700,119700,127700,202600,179900,125700,175400,134400,169100,171200,158100,165400,131800,193100,112700,185100,141700,210100,178300,140500,213500,117000,162500,81800,128700,91800,169600,125100,129300,137100,118500,93900,174600,174600,110700,110400
2007-04-01 00:00:00,224200,266800,150500,242600,284600,307000,181900,141200,201200,246700,261800,223600,133500,130600,135900,130000,204000,181700,126200,176700,133900,169900,173600,154100,165400,130200,195300,115900,181000,142900,212500,179400,138800,215300,115400,162300,82600,128100,92600,169300,126500,129600,137600,118100,93800,176100,176100,109600,109400
2007-05-01 00:00:00,226700,269400,150800,243600,287000,309700,183200,143800,208800,251700,265200,231800,149100,141600,154300,132300,206000,183400,126800,178000,133300,170700,176000,150200,165400,134300,197500,116100,189900,144200,213300,180600,136700,217400,113800,162900,83000,127500,93200,169700,129100,129800,138000,117800,93700,177500,177500,108500,108300
2007-06-01 00:00:00,229000,272000,150800,246300,289600,312500,185000,146900,210400,255800,266800,240000,163400,151600,171500,134700,208300,185600,127300,179300,132700,171500,178500,146300,165400,133700,199700,115300,190700,145500,213900,181600,135000,220100,112300,163000,84000,126900,94200,169500,131100,130100,138500,117400,93600,179100,179100,107500,107200
2007-07-01 00:00:00,231100,275500,151600,250600,293200,316600,185700,149500,215300,256400,268300,238400,169000,159000,174200,136800,209600,185200,129000,180000,131900,174200,182100,148300,165400,134400,202000,120500,191900,146400,215000,182200,134000,221100,113200,164600,85400,128000,95600,171500,130700,130200,138300,116600,96000,177600,177600,109300,109000
2007-08-01 00:00:00,232800,279200,152900,254500,297000,320700,189100,152100,218800,256400,269400,236600,173100,165700,177800,138600,210300,184600,130700,180700,131100,177000,185600,150300,165400,135500,204400,121000,184700,147300,216000,182600,132700,222100,114200,165700,86400,129200,97100,173100,126500,130300,138200,115700,98500,176100,176100,111100,110800
2007-09-01 00:00:00,234700,282400,153600,258100,300500,324700,189000,153700,222100,255700,269000,234600,177500,173800,181700,140800,211600,183600,132400,181400,130300,179800,189300,152300,165400,136300,206700,117200,196200,148200,217500,182600,131500,223200,115100,167000,87900,130300,98900,173900,130100,130500,138100,114800,101100,174700,174700,112900,112700
2007-10-01 00:00:00,236300,286000,158900,260100,303600,328400,190400,156100,236000,253500,269700,228900,179700,175900,183800,141900,213600,185200,134200,182100,129500,178200,187700,154300,165400,139800,206000,121100,190400,148600,218300,185400,130200,225400,116100,166900,89300,126900,100500,173900,130500,130600,137900,114000,103700,176600,176600,114800,114600
2007-11-01 00:00:00,238600,289900,163300,263100,308700,334000,192700,158400,227300,251600,270600,223600,181600,179400,185000,143100,215500,186700,136000,182800,128700,176600,186100,156300,165400,136800,205200,119300,189700,149000,219300,187900,128700,227600,117100,168800,90800,123600,102200,175800,132400,130700,137800,113100,106400,178600,178600,116700,116500
2007-12-01 00:00:00,240300,293800,167100,264100,313400,338400,194900,161100,227400,249000,269600,218500,184000,181500,186300,144300,217300,188700,137800,183500,127900,174900,184600,158400,165400,140800,204500,115800,188400,149400,221500,190800,126700,229700,118100,169700,92200,120400,103800,176800,133000,130900,137700,112300,109100,180600,180600,118700,118400
2008-01-01 00:00:00,241800,296300,167400,265100,315300,341500,195700,162300,237300,248800,270700,217300,187200,190300,188200,146000,219800,190100,136800,184500,127800,175300,187300,160600,165400,140600,207400,117400,191700,152000,224000,191000,130500,232100,118300,167300,93100,122300,103600,174200,131900,132200,139400,114300,110200,182500,182500,120800,120500
2008-02-01 00:00:00,242200,296200,167800,266900,314800,340900,196800,163400,236100,246500,267200,215900,191400,198200,191200,148200,221200,191400,136300,184600,127300,175500,189900,166000,164200,142400,210100,113600,197500,154600,228200,191600,132700,233700,118800,170100,93200,124400,103700,177000,134500,133600,141200,115000,111000,184100,184100,123400,123100
2008-03-01 00:00:00,242500,296800,166200,267700,315600,341700,198200,165200,235500,244100,263900,213700,195700,204600,194400,151200,222400,191500,135400,184000,126400,176200,191900,169400,164200,139600,212200,120500,192500,156700,230700,192200,136100,235000,118800,171600,92300,126600,103200,178700,134300,135100,143200,117100,112200,185200,185200,125600,125400
2008-04-01 00:00:00,241700,296500,173700,266200,315300,340900,198800,163100,239100,241600,262100,210900,197900,206000,198000,151400,222700,190600,134500,184900,126300,178000,192600,173000,162900,142100,212800,120500,199000,155600,229900,193700,138700,235000,119000,172200,92300,125600,103800,179200,137300,136900,145000,119600,113500,186100,186100,128000,127700
2008-05-01 00:00:00,240700,294800,172400,268100,313200,338500,198600,160600,235100,237400,258200,207200,201300,204400,201700,151600,222800,190600,133800,184900,127400,177700,192200,177000,162900,143000,214100,121900,196800,155100,227300,195900,141000,235300,119500,174000,92600,124600,103200,180900,140800,138600,147000,122100,114700,187000,187000,130700,130500
2008-06-01 00:00:00,239200,293000,171900,267300,311300,336700,197300,158800,234600,233000,253900,203900,204000,202200,207700,151500,222400,190700,132300,185100,126900,178000,192800,179900,162900,146700,215500,121500,201500,154800,224300,197800,143400,234600,119900,175100,91700,123600,103500,182200,141500,140700,148900,125800,116100,188100,188100,133000,132800
2008-07-01 00:00:00,237900,290600,176800,267500,308100,332800,197200,158000,234500,228600,248600,200600,202500,202600,204000,151300,222800,192800,131700,184500,131000,179400,192000,178400,162900,146600,212300,119700,200700,154000,223800,198900,143500,235200,119200,176100,90500,123600,102300,183100,143400,140300,148600,121700,119100,188500,188500,135800,135600
2008-08-01 00:00:00,236100,287800,177000,266500,305400,329700,195900,156800,227900,225400,245600,197300,199800,202500,201300,150500,223000,195000,131900,184900,134200,180900,190800,179300,162900,146000,209800,120900,194800,153800,224600,200400,141800,235500,117900,175900,90700,123600,101800,182700,142100,139900,148500,115500,122000,188200,188200,138400,138200
2008-09-01 00:00:00,234600,285600,176400,265100,302600,326600,195100,154800,227000,222000,241800,194000,197400,201600,198800,150100,222400,195800,132000,183900,138700,183300,189800,179700,161700,148600,206800,123400,195500,152600,225000,201500,139000,234400,117800,175500,90400,123900,101000,182000,143600,139800,148200,110400,125300,188800,188800,141500,141300
2008-10-01 00:00:00,231600,278800,174600,265500,295400,318100,193800,150700,217500,220400,240700,192400,193200,201500,192900,148800,222100,192500,131700,184000,144300,180600,189300,181400,161700,141000,203500,121700,198400,152800,226000,201700,138700,234300,117200,175000,89400,127000,100300,181500,142100,139000,147900,104800,128700,187000,187000,144300,144100
2008-11-01 00:00:00,228600,272700,172900,262500,287600,309400,190700,146800,217900,217800,237800,190600,188700,202100,186400,147900,220500,189600,131500,184700,148800,178400,188400,182300,160700,146200,200300,121900,191400,152800,226500,201300,138100,232600,116400,175900,88800,130200,99500,182500,142500,138900,147500,100500,132100,185500,185500,147400,147200
2008-12-01 00:00:00,226200,266900,169900,257600,281400,301000,191500,143600,213700,216200,235800,189400,185300,201300,180700,146900,219000,186800,131500,185200,153400,177000,187300,182800,160700,140000,197000,119600,184300,153000,228600,201100,135900,231300,115700,180000,87800,133300,98200,187100,142700,138800,147200,96300,135600,183700,183700,150200,150000
2009-01-01 00:00:00,222300,263500,165200,248700,279200,299800,186600,141500,203800,212300,231500,186300,182800,198900,178200,146500,213400,188200,130600,183600,150800,177000,184500,187600,160700,133400,195700,122000,193300,152500,221900,201000,139100,223500,115600,176700,88100,131800,98600,183100,144900,140800,146300,102600,145700,186000,186000,150300,150100
2009-02-01 00:00:00,221100,260800,161500,240600,277000,298000,183000,139200,202500,209300,228200,183700,180100,195900,175900,146100,214200,189000,129500,183500,145200,176100,182000,192300,161100,137300,194800,121800,202000,151900,217100,201600,139500,224600,115400,177800,88100,130200,98800,183900,149000,143300,145500,109000,156600,188000,188000,150400,150300
2009-03-01 00:00:00,220300,259900,156600,250200,275200,296200,180600,137700,202200,205300,224600,179200,177700,194200,174100,147300,214300,188200,128000,183400,142700,175900,178600,197200,161100,141200,194200,119000,190300,150900,210700,202200,142100,225200,115100,178000,89300,128600,99200,184500,147300,147800,144700,115400,170500,190300,190300,150700,150500
2009-04-01 00:00:00,221500,262100,157700,248900,278000,299800,179600,139400,201200,203700,221700,180300,176900,194500,173200,148400,216200,187900,126900,181300,138800,174300,181600,202100,161100,141200,194200,125100,185400,151600,214200,204000,144100,227600,114900,179300,89500,131900,99000,185400,151300,151700,144000,122500,183300,191700,191700,150900,150800
2009-05-01 00:00:00,223200,266100,148700,251600,282800,305400,179500,139600,202600,201600,218700,180200,177300,194700,172100,149900,218300,187600,125900,179100,136000,172700,184000,207200,161100,147400,194400,121100,196300,153600,216400,205800,145900,229600,114600,178800,89800,135100,99300,185200,148800,154800,143000,129800,197000,192900,192900,151100,150900
2009-06-01 00:00:00,226400,271000,154000,254000,288500,311800,180100,141600,203200,202400,219600,181600,177500,193700,173900,151900,221600,189500,124600,179500,133700,171800,186300,212500,161500,145000,195300,124500,200900,156300,218200,207500,146300,233300,114300,180000,90200,138300,100000,186200,151000,159400,142300,135300,211500,193800,193800,151200,151000
2009-07-01 00:00:00,229700,276100,158100,255100,294600,318500,182200,143800,201500,203400,220500,182600,180000,192500,176200,153100,225100,190500,124200,180400,132100,173400,185000,214500,165800,150300,198000,125600,199600,153800,216800,209700,150100,237600,114300,182000,91500,135600,100900,188100,154300,156900,143600,133700,199900,191700,191700,152400,152200
2009-08-01 00:00:00,233000,280300,161100,256800,299000,323200,184500,145700,205400,205700,223400,184300,182100,191400,179800,153900,229400,191300,124100,180600,128600,174600,182900,215400,169400,149600,201000,130300,206000,153300,217700,212200,150900,242400,113300,182600,92400,132800,102600,188300,155000,155500,145000,133900,188700,189800,189800,153200,153100
2009-09-01 00:00:00,236300,285600,164800,258400,305200,330300,186000,146400,205400,207700,225000,185600,184500,193100,183000,154800,232900,190400,124300,179200,127400,175800,181700,217200,181200,150000,203000,119300,207100,151800,218100,214700,151900,246700,113200,184000,94500,130400,103900,189900,155800,153400,146000,133400,178400,187800,187800,154400,154200
2009-10-01 00:00:00,239900,289500,161600,259400,310100,335600,188500,145900,206900,210900,227800,189000,188300,197200,187400,156400,236400,190900,124100,179500,124400,176700,182700,219000,186600,151300,204600,120200,205600,151500,219400,217500,154200,250700,112000,187100,95300,130100,105400,193100,157900,151600,147300,131800,168700,190600,190600,155300,155100
2009-11-01 00:00:00,243500,294400,159400,262900,315000,341100,189500,146000,214400,213800,230300,191900,192100,201500,190700,159200,240700,191500,123500,179000,123000,176100,183500,221300,193900,156800,206400,127500,209100,151200,221000,220900,154800,255300,110800,187900,97200,130000,106900,193900,157400,149900,148500,130300,160100,193300,193300,156300,156100
2009-12-01 00:00:00,246100,298600,163200,266500,319600,345400,192100,146300,214600,217600,234400,195100,196100,208900,193800,161100,244100,192900,123400,178900,120400,175600,184500,223300,206400,151700,208300,129900,210000,150500,225200,224000,155500,259100,110300,186000,97900,129900,107500,191700,157700,148000,149800,129800,151400,196200,196200,158200,157600
2010-01-01 00:00:00,249300,300500,166800,271100,321000,347600,192900,148700,213500,218400,235500,195600,196500,207000,195600,164400,248200,189200,126900,176600,117900,178500,191400,220800,178600,152000,208000,126900,215400,149900,231500,227800,160000,263400,116000,190500,99300,137200,108700,196700,161200,148800,148500,145400,149300,202300,202300,160300,159400
2010-02-01 00:00:00,250000,301500,167900,273000,321600,347900,194500,152800,215900,219200,236300,196300,195600,203900,196100,166800,249000,195400,125700,173100,124000,177300,192800,232400,178900,161500,204700,130000,215800,151300,237600,228600,152100,264400,106000,192900,109900,131900,117700,199300,163000,143000,150600,115000,137800,202300,202300,159300,158700
2010-03-01 00:00:00,251000,302800,169400,272900,323000,349600,193700,150700,217800,220900,238400,197500,196700,200000,198300,165600,250200,199600,130200,172700,130400,181300,192300,229500,183500,157300,211600,126100,217000,149500,239200,233000,144000,265300,112300,194200,109300,134500,117700,200300,165300,136200,148900,117800,119700,198900,198900,168900,168300
2010-04-01 00:00:00,251300,303000,165600,272100,323600,350200,194000,150100,211900,219400,235900,197400,198200,199000,202800,165800,250200,201500,130200,167900,127600,189400,192300,221100,181800,156300,208600,127200,215600,151000,238200,233100,140700,265400,114000,194800,107000,135400,115800,200900,167300,142000,148500,137100,134700,197700,197700,178100,177800
2010-05-01 00:00:00,251100,301900,166200,269700,322200,348700,193800,152900,210900,220300,235300,200200,197500,196600,200700,166400,249800,203900,131400,165300,139800,186800,193600,224200,177000,161100,207800,126100,213800,154600,233200,234100,145800,265100,111900,197600,99600,135000,110000,203700,170600,143900,151100,123400,140200,193600,193600,175900,175300
2010-06-01 00:00:00,249500,299200,163400,265400,320100,345800,195400,150100,203700,219000,233300,200400,196900,199700,199100,167100,248800,198900,129900,165600,137000,184400,201400,206900,196000,160500,203800,123000,212000,151300,234900,233800,144600,264100,111700,196700,110900,135900,116800,202600,171300,141900,152300,112100,137600,193000,193000,177900,177200
2010-07-01 00:00:00,248400,297100,162000,262800,316900,342300,192500,146400,208500,218200,232300,199800,195700,197500,197800,168300,247900,193900,126500,167500,128500,180000,198400,221600,193600,159500,204200,127100,215800,153300,235000,237300,142200,262600,111500,195800,110700,137800,117500,201300,171300,140700,151000,117500,136000,193400,193400,182500,181800
2010-08-01 00:00:00,247300,296600,162300,261100,316900,342900,189100,141900,205500,215900,231300,196300,197200,203800,198600,171100,246100,197000,129100,170300,123300,178300,196300,201800,185000,158600,202300,127900,217900,144500,233700,237900,144200,260300,109700,197300,110500,133700,116300,203300,169000,151400,154700,129600,153600,197400,197400,177100,176200
2010-09-01 00:00:00,248100,297800,160800,261400,318200,344000,190900,141800,205000,217700,234000,196400,198000,209200,196800,170000,246800,202000,124800,170400,122000,179900,193600,206100,180900,159300,206300,121200,209400,148100,231200,239600,148600,261500,101200,197900,105900,134800,111000,203500,172000,152300,157500,130700,151300,197100,197100,180000,179400
2010-10-01 00:00:00,249200,300400,160100,261500,320700,347000,191300,145000,212900,216000,232600,194500,198800,213300,197200,170600,247300,203900,126700,169700,113900,184600,199300,214900,190300,157200,205400,127800,208800,146200,232000,240600,147300,261500,96600,201000,103900,132400,110300,207000,172300,154800,160600,135200,153600,203900,203900,182300,181900
2010-11-01 00:00:00,249900,301700,158500,261600,322900,349300,192600,144400,203500,215800,230700,196600,199300,211200,198600,169600,248200,202400,122700,172400,109500,186200,198600,197700,188800,153400,205000,120700,218900,144400,232300,241400,150200,262900,111500,200900,109800,131400,115700,207300,167400,150400,161900,130400,145800,203500,203500,181700,181000
2010-12-01 00:00:00,251200,304200,158400,261300,325700,352600,191800,143800,204700,213000,226700,194600,198600,210500,197200,171800,250100,200400,121900,173600,121000,177800,197700,225700,187600,151000,195700,124500,220100,147400,231000,241400,154300,264900,111400,201900,105500,130100,110600,208700,167000,154300,166900,130900,146000,203600,203600,181400,180700
2011-01-01 00:00:00,252700,306100,155100,262300,327300,354500,193800,143600,209700,213700,226400,196700,199400,210000,198500,171400,251500,192900,122900,175400,125500,177100,192300,195800,192700,156900,194600,124000,212600,146300,235700,241000,156300,267200,103200,204200,103800,139200,110800,210600,174500,154500,167900,133500,142900,199000,199000,176800,176100
2011-02-01 00:00:00,254100,308700,160500,263600,330200,357500,195000,140000,206500,213000,225700,196100,203200,215900,201500,173400,253900,199100,122100,171700,115600,172800,200500,208900,191400,159200,192600,127700,223800,149400,235500,242600,155700,269700,115400,204000,115200,134500,120400,209900,177700,154900,170400,121700,142500,205800,205800,177000,176200
2011-03-01 00:00:00,255400,309800,164200,264200,332000,359300,194900,138800,202100,213700,225200,198300,202500,216300,200700,176600,256100,200700,119100,168500,129100,173400,199400,208500,197400,160000,199600,128100,225400,152300,241200,243200,163600,271900,113100,204400,114400,136700,119600,210200,177600,147000,162800,107400,139100,202000,202000,183400,182600
2011-04-01 00:00:00,256300,309400,164300,265700,331500,358500,195100,137000,192900,214300,226600,198200,202400,215700,201000,171200,257800,203500,120200,168200,130600,177500,204200,208500,196200,158300,202900,129400,223900,154700,239500,245500,157700,273700,119500,206300,117300,135800,125100,212300,178400,152800,168100,120500,142000,202500,202500,179200,178700
2011-05-01 00:00:00,257000,310200,161000,265500,332200,359000,195300,134500,199700,213500,226100,197600,201200,214400,200000,171400,259100,203500,123200,169300,130200,176200,202600,208400,199200,161000,204100,136200,236800,151500,248400,247300,156800,274600,110100,206100,116800,142600,123800,212100,178700,146900,168800,108500,127800,202900,202900,183000,182500
2011-06-01 00:00:00,258700,311100,160900,265900,332600,359600,194100,141000,203500,213200,226300,196400,203800,216600,202800,171900,261200,202100,122400,175300,131900,179700,210000,215400,210700,160200,201900,126000,238700,147400,249800,248000,159500,276800,118200,208700,117300,141500,123800,214900,179900,144800,165900,108400,125200,204200,204200,184400,183500
2011-07-01 00:00:00,259900,311200,156500,263600,333300,360100,194000,136900,199200,214800,227800,198000,204700,222200,200900,174300,263400,204300,122400,176800,129900,181700,214100,210900,208200,163800,203000,123700,235600,147700,255900,249000,158600,279000,117600,209100,120000,143700,125700,215700,175000,147800,168000,121700,126300,204500,204500,181300,180500
2011-08-01 00:00:00,260700,311100,156300,263900,333200,360000,193600,140100,198800,214500,226900,199200,203100,217200,200300,177200,265100,203300,124300,175400,144100,182800,221800,203600,206600,166000,203400,120900,238800,153000,252800,249000,160200,281200,120700,210800,120900,145600,125200,216700,180700,150800,166200,127500,132400,205400,205400,184900,184000
2011-09-01 00:00:00,261500,310500,157700,262100,332900,359900,193500,137200,194200,214700,226700,199000,201900,216400,198600,181300,266000,200700,124500,177900,145300,182000,219000,196500,209100,168800,202100,122400,234100,151400,253900,249400,163400,282100,125900,211900,122500,151200,128200,218400,175700,148800,167300,126700,123500,207900,207900,200100,198600
2011-10-01 00:00:00,261500,310000,156600,260900,332500,359600,193100,136900,196600,213700,226500,197400,204100,215800,201800,184300,266700,199900,123700,174700,139400,180000,212000,209000,211800,160900,199200,118500,239500,144000,255400,249500,174800,283100,124000,211100,124400,148000,128400,217300,176600,149200,167600,122200,126700,201500,201500,214500,213400
2011-11-01 00:00:00,262800,312800,158900,261900,335200,362400,194300,134400,201500,212900,225800,195900,208200,217400,207800,181000,268000,202100,126100,176000,137000,179500,213100,219300,212700,167100,193400,123200,251000,145600,260000,250500,179400,283900,124300,212600,124500,143700,128600,218500,181900,149700,166400,133300,130100,204400,204400,213200,212100
2011-12-01 00:00:00,263300,313800,156200,264200,336500,363800,194600,136100,194900,213500,227300,194600,206700,215000,206700,182300,268400,203300,128000,176600,124900,178100,211700,217300,216500,161000,193600,117100,226900,141500,260400,252000,173600,285200,128700,212800,129000,144900,132400,218600,181900,160100,172600,142900,144400,203100,203100,218700,217100
2012-01-01 00:00:00,263600,313400,159500,262200,336000,364100,191100,130200,198100,213600,226800,195400,208000,217900,207700,183200,269500,202000,126500,179600,126200,180100,215400,188000,203500,169900,199300,119600,251300,145700,255700,253600,172000,285400,125900,212200,127300,141200,130100,218000,185200,157200,168900,136400,144600,210300,210300,224400,223000
2012-02-01 00:00:00,263700,311800,157600,259400,335000,362900,190300,131300,190500,216100,231000,195900,207600,218100,205900,184800,270400,198500,126000,183400,134100,183600,214000,244900,203700,168400,200000,116700,243700,145300,256800,254300,176900,287300,122400,214000,127500,144100,130000,220100,184200,154000,163200,132500,143000,209700,209700,219000,217500
2012-03-01 00:00:00,263800,312200,155200,256800,335400,363100,192900,134900,197500,214800,229900,194200,211900,226000,206900,185500,269500,199400,125500,182600,134900,188500,215700,245700,208300,166500,196600,117500,247200,147000,257000,254600,172100,285900,121900,215100,128200,141500,130600,221200,185500,153200,165400,111700,146200,213500,213500,228400,227500
2012-04-01 00:00:00,264100,311800,153500,256900,335000,362900,191400,136000,197200,216000,230900,195700,212200,228500,206300,188100,269800,200100,128800,182600,131000,189700,214300,248800,209500,172600,199500,119700,246000,148900,265800,256600,174700,285900,121600,216300,126300,141900,130200,222600,185100,150700,161200,114000,145600,214200,214200,220400,219200
2012-05-01 00:00:00,264100,310000,154300,254500,333500,361300,191300,136700,196700,217400,232700,196400,212800,229600,207100,189300,270100,203200,127500,190700,136500,193700,212100,184700,212100,172200,196500,124200,252400,151400,269400,253600,178500,286400,123700,217800,125600,140600,128200,223800,190200,147800,160600,120000,132100,216600,216600,214600,213800
2012-06-01 00:00:00,263400,308400,153400,255500,332300,360600,189100,129300,187600,217800,233400,196600,211500,225100,206300,188700,270200,205300,126100,180700,135100,192300,210800,181000,208500,177900,197200,125200,249300,149400,269400,255300,176400,286400,125100,216200,126600,143000,129700,221700,191300,151500,161600,118800,147300,214800,214800,217200,216000
2012-07-01 00:00:00,262700,305500,154600,255000,329000,356400,190400,128100,185900,217600,233200,196200,212500,225700,207900,186900,269400,205400,128900,177800,132300,198100,212600,233900,209800,179500,190600,122200,237700,149200,267400,253100,177700,286000,123800,218400,120800,140500,124600,224400,190000,150800,160900,126500,141700,215500,215500,212800,211900
2012-08-01 00:00:00,262100,305500,151700,254300,329800,358200,188500,126700,184700,217700,233100,196900,215100,231700,208200,185000,269200,204400,121800,176800,130800,198200,220700,220300,209100,180400,192000,118600,248400,147900,269700,255100,177800,285400,122500,217700,121600,143500,124200,224300,184700,151400,162600,135200,125400,220400,220400,214500,213500
2012-09-01 00:00:00,261800,304100,152600,254400,327800,356300,188000,129400,185300,217900,233800,195900,217000,234300,209400,183600,268900,206300,134400,177400,124500,202600,221300,216200,210800,175800,192600,122900,253600,144500,276900,250200,175400,285100,118900,220400,120600,147000,123400,226700,186100,154000,161100,139800,137300,220700,220700,209500,208100
2012-10-01 00:00:00,261000,304000,153200,254100,328300,357500,186100,125800,181200,219100,233900,199200,219000,234000,212100,184700,268300,207900,137200,172300,126800,205100,219900,239700,207000,167500,193100,132600,242200,147000,274200,251000,168900,284800,126300,217500,119500,141000,121800,223900,183100,154700,158600,153400,141200,222000,222000,211200,209900
2012-11-01 00:00:00,259900,302000,145300,255200,326000,354700,186100,127400,181100,219200,236000,196100,217400,232500,210800,186500,266900,205900,137700,173800,119100,212000,217300,230700,206100,175500,199200,123200,243900,147200,266100,248300,165900,283400,129600,217700,117600,145000,120500,224000,183400,152000,158100,153200,135700,217000,217000,224300,223700
2012-12-01 00:00:00,259800,301900,145900,249600,326500,355200,185700,125100,181500,219400,235600,197200,221500,237200,214200,186900,267100,208300,136100,182100,121900,210900,215900,260400,205800,184000,197300,121600,231400,150400,265500,251300,160800,283200,126500,218200,112000,144500,114400,224200,187600,154000,155700,152200,150000,214000,214000,225900,225300
2013-01-01 00:00:00,259500,300700,146400,244700,325500,353500,188600,127200,183400,220200,238900,193900,221700,238900,214300,194000,266900,211700,137600,178500,126100,212600,216800,245300,203000,174200,187900,121200,245000,153400,270900,254200,155100,282700,136800,218000,111700,145100,114000,223900,191300,159700,156200,175600,160500,217000,217000,235300,235000
2013-02-01 00:00:00,260300,302800,148600,245400,327700,356200,189000,126000,184500,221700,240500,195700,222900,244300,212800,189700,267900,206100,138300,180400,136300,213400,213400,237700,201300,173900,187200,122400,259500,154500,279500,258200,163500,283600,139900,217600,112000,141400,113500,223700,190000,158400,157100,162100,158500,219700,219700,235500,235300
2013-03-01 00:00:00,260600,302000,147500,248300,326900,355700,186700,123900,180100,224700,243600,198300,218800,243300,205700,189800,268300,217300,132800,190000,129700,218300,211000,225100,206200,181000,187100,119200,257700,158500,288700,256500,168500,284000,134700,218800,116200,136400,119200,225000,189900,152800,157000,129100,159500,218600,218600,248400,248000
2013-04-01 00:00:00,260100,301300,150100,247000,326000,354800,185600,120500,187200,225200,243700,199200,219700,241900,209300,191700,268500,212200,128900,194700,124300,225400,212700,210300,209300,190200,190100,128300,258000,159300,285400,255200,179000,284000,128700,215300,116600,142700,117400,221000,188000,153000,158900,129300,148600,215100,215100,237100,236900
2013-05-01 00:00:00,261100,302100,150600,247600,326800,356000,184600,119700,185700,226500,245500,199700,220200,238200,211500,190600,270000,211700,125200,199500,138400,226000,218100,227100,209600,179800,192100,130600,261100,156000,277800,255500,165000,286400,121000,216200,120500,150200,122500,222000,188100,151600,159500,129700,140900,220700,220700,235600,235500
2013-06-01 00:00:00,261100,303100,152500,246400,328100,357000,186300,118800,187100,227200,246500,199800,220700,241000,211400,190300,269400,212500,128600,203000,137900,226300,219900,236000,206500,182400,191700,120200,258300,153700,276000,253800,167500,285800,128400,216200,119400,152600,120700,222100,187300,152800,159800,128300,150500,218800,218800,231700,231300
2013-07-01 00:00:00,261700,305900,153100,249400,330900,360300,186100,122600,190000,228900,249700,199200,221100,240300,210400,190100,269300,212900,128800,202500,147100,225600,222100,253700,208300,181500,188900,121400,243300,153800,279700,252200,163400,286000,127500,215100,122100,151200,123200,220800,186200,155800,162400,137500,150500,225800,225800,223800,223500
2013-08-01 00:00:00,262900,306300,152600,249100,332200,361600,186900,120200,185600,230700,252400,199500,222000,243300,210300,191200,270600,213500,126600,198300,144300,220800,226300,252900,208200,183800,194000,119600,253400,154700,283100,252800,164600,287100,124800,217200,123100,149700,126000,223600,183700,155900,157700,135800,167700,219300,219300,226900,226800
2013-09-01 00:00:00,263200,308400,151300,250000,334900,364900,186300,119400,186700,232000,253500,201000,220600,238200,210600,193700,271200,211200,127000,200200,149500,229900,227600,251900,207400,191100,194400,128200,250800,153800,283000,254900,161400,287600,122000,214100,127000,153100,129000,219300,184900,152800,154800,134300,158500,219700,219700,226800,226600
2013-10-01 00:00:00,263800,306400,153000,250400,332500,361800,187600,121500,186900,233200,255500,201000,217900,234800,210100,193300,272800,210600,126500,203300,146300,231700,223800,234200,206300,180400,198400,125900,260400,159700,282800,253600,164000,289700,123100,215400,122200,150100,122700,221200,183000,154300,155500,146300,156700,214300,214300,224400,224200
2013-11-01 00:00:00,264400,308600,152000,247600,335500,365200,188100,125300,183900,234800,257400,201700,217500,231500,210800,195700,272900,213000,128400,206900,149500,239200,218300,244200,203900,182800,193500,120600,253600,162400,286900,251900,167500,290200,126000,214700,122100,146600,123300,220300,184100,157600,157200,143300,184900,216100,216100,223600,223500
2013-12-01 00:00:00,265300,308100,154500,248900,334600,364200,186800,125800,189000,237200,260600,203100,217700,236200,209900,195100,273800,209500,133200,198600,146000,229400,216500,198600,209700,184000,192900,119800,260800,160000,289200,249600,172700,291300,127200,216300,126100,146600,126000,222000,185100,156000,153600,148900,178000,217000,217000,228300,228200
2014-01-01 00:00:00,266700,309900,152700,252100,337000,367100,186700,120200,185200,238400,262300,203100,218300,238500,208500,194100,274900,202400,134600,209300,149300,241200,217000,181000,201200,190600,192000,128200,257500,164400,287800,248400,179600,292900,134100,218000,128500,149900,128600,224900,182700,149500,150600,137800,164300,219700,219700,229400,229200
2014-02-01 00:00:00,266500,310500,150900,252200,337600,367700,186800,123700,189400,241100,264600,206000,220700,241500,210800,194900,274700,214600,134100,211400,149800,231500,221100,204900,207000,180500,195400,129500,256300,167300,283100,247700,173700,292900,118800,216900,130400,151500,131500,222900,186300,145800,149400,138500,137100,224000,224000,231600,231600
2014-03-01 00:00:00,266800,309800,150000,251300,336600,366200,189400,120700,193400,242100,265900,206400,221800,238500,211900,196600,275900,212100,135400,211000,158600,241500,228300,216200,205200,183500,191100,130900,259900,169100,277700,249800,173400,294500,127100,215500,127200,150200,126500,221600,184200,141200,147900,134100,115300,215000,215000,220500,220400
2014-04-01 00:00:00,267500,309900,153000,248800,336900,366200,190800,126000,191200,244700,269900,206800,222100,239300,214300,197000,276500,215500,134700,209700,169300,244700,222900,216000,212200,180200,196100,123900,260700,169400,281600,247800,169400,295800,124600,216900,129300,149800,125500,223300,184400,142700,151500,119800,117900,216800,216800,231500,231400
2014-05-01 00:00:00,267300,310900,153400,249700,338500,368100,190300,122200,190600,246600,271800,208000,221700,239000,212400,196300,275300,215000,140800,201500,159600,239800,221400,240800,211400,172500,197500,132900,257700,163800,285700,247300,169800,294800,120900,215300,128500,146500,125000,221200,187200,138600,148300,119300,116700,218900,218900,223500,223400
2014-06-01 00:00:00,268500,310500,154100,251300,337100,366200,191500,125800,199300,249100,274800,209600,222200,241400,212100,196400,277200,216100,139600,194500,166600,238600,222500,261100,211200,182500,196300,128400,259100,165900,292900,247100,164300,296900,113900,217000,126800,148600,124000,222800,187800,141800,151300,122800,124400,224300,224300,226900,226800
2014-07-01 00:00:00,269200,311000,152500,253200,338000,367300,189800,126300,194000,249200,273600,211400,224700,243000,216200,197200,278700,216100,138500,197400,149300,237100,224300,254400,207400,186700,198500,126900,263800,163800,295800,249600,168700,298100,118200,216800,126900,146900,124800,222900,186600,139100,148000,122700,127400,222300,222300,215900,215500
2014-08-01 00:00:00,270100,314200,154300,253800,341300,371000,191700,129700,201700,250000,274800,211000,221200,235900,215900,196900,279000,215500,140500,199600,139400,241300,223600,270700,203700,174900,196400,127900,262400,165100,303400,248800,162800,298800,119700,216400,126400,146800,124600,222600,184500,144300,152100,121900,138600,216600,216600,211900,211600
2014-09-01 00:00:00,271500,315100,156700,255500,342300,371800,192200,132000,201800,251800,276700,212700,219600,228600,217400,195800,279700,215000,139900,199900,146600,242700,227500,287800,206900,179000,204200,130200,256300,171400,307900,247700,163300,299600,124600,219000,127900,144000,124400,225700,182500,146900,153700,127800,136600,213100,213100,212000,211700
2014-10-01 00:00:00,273700,319300,159000,257600,347000,377200,193000,130600,204000,253500,278800,213600,218400,228800,215500,197300,281900,218200,136900,201000,150000,246700,230000,272800,206000,186200,203400,126500,269300,170800,313000,248400,164900,301500,121300,217900,130500,141500,127300,224400,181800,147700,152400,133100,143200,216300,216300,215400,215000
2014-11-01 00:00:00,276000,320800,159200,259200,349300,380100,192300,127800,200700,255200,280000,216400,220000,230300,217500,199300,284700,225500,136800,206800,152000,240200,231800,267200,202000,189000,209100,129500,264900,169000,323700,248200,173300,304400,124000,220100,131100,144300,126300,226500,186600,149600,152800,136000,158200,217700,217700,212300,212000
2014-12-01 00:00:00,276700,321800,157700,261000,349800,380200,194400,129200,206400,255300,280700,215800,219400,228700,216700,199000,285700,230000,130500,205700,152300,249600,231900,283800,201100,175600,210500,126600,247700,174800,328000,244800,166100,306500,121700,218300,130600,145100,127000,224600,186000,145000,151400,138100,133200,219300,219300,212600,212300
2015-01-01 00:00:00,277300,321800,156100,260200,350000,380300,194500,127000,202900,254200,278900,215800,223200,230200,221900,199000,286200,235300,128900,206200,151400,251300,226300,288100,204500,180100,211700,134500,248400,174800,329300,247600,166600,306100,130000,218800,129400,158700,125300,225100,187900,148500,158400,127700,144500,223600,223600,212300,212200
2015-02-01 00:00:00,276200,321800,155200,261500,350100,380100,195200,128000,199800,252300,276600,214000,221000,225200,221900,196200,285300,225600,124300,206400,146000,256200,225200,270800,201800,181200,207800,128000,271400,180500,323600,248600,153600,304900,125900,219700,131600,157200,128100,226100,186600,154100,165900,140600,127600,221300,221300,212500,212400
2015-03-01 00:00:00,278300,324700,156100,262500,353400,384200,194300,130500,204700,251500,274900,214900,218600,223300,219700,198900,287300,221700,129000,206800,154400,262900,234700,262100,201600,199500,207500,128900,275900,181700,323900,243700,162400,307500,126700,219200,127700,163200,123500,225200,188000,140900,144400,126400,141100,219300,219300,212500,212100
2015-04-01 00:00:00,279300,326800,155800,265500,355800,386500,195000,130300,201800,249700,272100,214300,217400,227900,216500,198700,288300,223900,130700,207700,142400,254600,239700,267100,201300,187900,200900,133700,275700,176100,323300,243600,165600,308900,132800,221100,127500,151800,124200,228100,185900,145500,154700,121600,125900,224100,224100,200500,200200
2015-05-01 00:00:00,280200,329100,156500,267700,357700,388400,196100,132700,207100,248300,270100,214100,219000,233000,216700,201300,289300,226100,132600,204700,162100,251500,241900,275700,210000,199500,208400,129300,270200,177200,328600,243800,161300,309800,135300,220500,124000,154200,120900,227700,183700,142700,151800,118500,129400,222100,222100,209400,209200
2015-06-01 00:00:00,281500,330900,153200,265800,360300,391200,195500,128300,208000,246300,268300,211900,220700,233300,219400,200600,290800,229500,141100,212200,151800,249900,239200,259500,211000,191400,212100,129000,284200,179600,327600,244100,165600,311200,141500,220700,126200,148900,122800,228200,181400,138900,149400,117100,123900,225200,225200,210900,210800
2015-07-01 00:00:00,283600,334600,154900,263000,364200,395200,195800,131700,209800,246700,269400,211100,217200,225600,216900,201900,292800,230800,139100,210600,166500,251700,239300,245700,211700,195400,216300,127800,290100,178700,328400,242700,164100,313100,130200,221400,127900,149400,124100,229100,182200,138200,152400,112800,120200,225100,225100,215000,214800
2015-08-01 00:00:00,285700,337900,156500,267200,367900,399000,197400,130500,211500,246800,269200,212100,216200,222500,216600,199600,294100,233000,142000,209800,162600,251100,237800,254400,212600,193000,216400,131800,277700,191300,324300,240400,165900,315000,128900,222100,125000,148300,122500,229700,182600,137800,147600,123200,120300,224200,224200,218000,217600
2015-09-01 00:00:00,288600,343700,157200,268700,375000,406800,200200,133700,211900,245900,268000,211700,214500,228200,212500,200200,297500,238500,139200,213200,162700,246700,240500,254500,213400,199900,218200,128100,278800,190000,340100,242900,167400,318600,130600,221300,125200,153000,122200,228500,181100,138600,148900,127300,113600,229300,229300,211700,211400
2015-10-01 00:00:00,291100,349000,156600,275300,380600,413100,201900,137100,211700,245500,267200,212000,215400,228400,213600,199300,298300,237600,141500,216800,158000,247800,239200,261900,215200,200300,221500,118900,275400,184700,339000,241900,164600,319800,119200,221500,126800,147800,122800,228400,185100,133300,140200,127000,114800,222900,222900,221000,220800
2015-11-01 00:00:00,293700,353800,157300,275400,386200,419300,203600,138500,215800,244500,266900,210500,215800,226900,214100,197400,300200,235700,138100,229000,153200,249700,244800,250400,214500,199400,218500,122600,283500,180500,333400,245700,158000,321400,114400,221600,128000,149800,124600,229000,181600,134100,144100,136000,107300,212600,212600,218700,218600
2015-12-01 00:00:00,296100,357900,157800,276300,391700,425700,204400,138200,213700,244500,265800,212100,210600,212300,214400,202200,302800,237000,137200,223800,159100,256300,249200,257600,210700,200300,221800,129000,292900,172200,337800,244700,152500,323700,116000,219600,129100,146600,125900,226900,181200,131700,143000,126700,105200,205200,205200,220200,220000
2016-01-01 00:00:00,298800,364500,159200,279400,399100,434000,207500,141200,216200,244600,264700,214100,203200,208200,205600,197300,303500,239700,139000,223700,160900,250700,248700,260100,212200,196000,217900,129400,274400,181200,339600,242200,148300,324900,113200,220800,129500,145700,124800,228400,182400,128700,139200,128700,104800,214700,214700,216800,216600
2016-02-01 00:00:00,302300,373800,160900,284900,409000,445300,211100,144900,223600,244200,263900,214300,204200,206400,206600,197600,305700,243100,138600,218500,169300,251700,250200,244100,219400,194500,215300,125000,298700,184400,350700,243700,146700,326800,119100,221100,127700,149800,124500,228500,182600,132100,139900,134700,106700,231000,231000,217300,217000
2016-03-01 00:00:00,304400,379400,163900,285500,415700,452800,214600,147400,220600,240600,260200,211000,205800,211000,207400,192900,305500,248500,140800,221300,165300,254800,251000,192200,216900,204200,216800,133100,298500,183100,341400,239200,153900,327000,118300,221300,128800,141700,125000,229100,180800,131200,138400,130000,108600,228800,228800,212800,212100
2016-04-01 00:00:00,307800,387900,164100,290700,425700,464500,219800,150900,224300,239100,259600,208300,205700,204500,209800,196600,308000,248200,143600,221900,165100,257800,258100,183700,214200,200200,224400,133500,296300,183300,345300,242000,151900,329500,124300,219000,128200,142700,124800,227500,175600,130800,142900,125000,92400,231700,231700,202600,202200
2016-05-01 00:00:00,312400,395100,169400,294200,434000,473800,225400,154400,228700,237400,258600,205800,204900,204900,209000,196600,311200,246700,146300,217300,167900,256600,262800,221800,209900,202600,231900,138200,305200,187300,343800,241700,155700,332800,129800,222600,129200,149500,125400,230600,180100,133100,147400,120400,97600,228000,228000,210600,210200
2016-06-01 00:00:00,318400,405500,171900,300200,446200,487800,232800,161000,232700,237500,258400,206600,202900,200700,207800,198600,316100,251900,146700,217600,171400,258500,270300,218600,210500,206800,234500,132900,308200,188900,351400,243700,158200,338000,128800,225500,125800,157400,121300,233200,182700,138400,150600,119000,117200,227900,227900,211800,211500
2016-07-01 00:00:00,322600,413900,175900,305300,454700,497000,241300,164600,243300,235800,255900,206300,205000,205100,208600,196400,320400,259300,148300,220100,167400,258000,266600,224100,213800,209200,236100,134400,302800,189500,354300,243900,167400,343100,130400,224700,128000,157200,122900,232400,184700,133500,142400,124700,118100,223100,223100,201200,200800
2016-08-01 00:00:00,325800,414200,177200,311300,455100,496900,246600,168400,244100,235500,254900,206900,205000,207200,207100,198300,327300,274000,150000,225000,173400,262300,270600,228700,221900,203600,243100,141700,318400,192400,362600,245400,165600,349800,131100,221600,128000,159500,123200,228800,183000,135200,144300,119000,125200,215700,215700,199300,198900
2016-09-01 00:00:00,329500,418300,179200,315700,460400,502500,252500,168400,243800,234300,253300,206300,203000,205700,205600,195000,331100,281000,152200,220800,183400,259200,268800,233800,229500,214100,249900,132600,330500,195700,377600,244300,165200,353900,130800,224600,128100,157800,123000,232800,176600,133300,141500,116900,119800,219500,219500,198400,197600
2016-10-01 00:00:00,331900,417900,182900,318100,459300,500600,257600,169200,249300,234300,253100,206400,202700,205200,204500,197800,335700,285300,155200,221700,177300,260100,278900,244900,222400,199400,252500,136000,336200,197500,381600,244800,160300,359000,129700,226700,128400,158700,121800,235000,179100,138800,146700,120000,126700,216000,216000,194200,193700
2016-11-01 00:00:00,336100,421500,189400,325700,463100,505500,260600,172000,248800,235100,254600,206800,201300,206800,201500,195300,342300,283700,156100,230500,181600,257500,280900,230100,231600,203400,255000,139500,330200,205100,395300,245500,163700,366800,133300,226500,127300,151000,121200,235000,179700,134100,145500,119900,117400,225100,225100,191600,191100
2016-12-01 00:00:00,341000,427100,195600,330600,469400,512700,264400,177700,250200,232000,250000,205400,205300,216700,203500,196800,347800,286200,191100,232000,179000,264000,283400,245600,234800,220800,251200,140900,334300,216800,395800,246700,162600,372900,133700,230900,127200,147400,120600,239600,182000,131100,146000,116500,103800,227500,227500,190700,190200
2017-01-01 00:00:00,346300,433300,196700,336400,476100,520700,267300,187500,259400,232200,249900,206100,208600,222500,206800,197600,356900,290500,198600,235400,184500,267800,287400,230400,238300,212600,253700,137100,343000,220300,402600,248500,164400,383500,137000,223500,128000,145100,122600,231600,180100,131000,150100,119700,95600,232600,232600,187200,186300
2017-02-01 00:00:00,351500,439700,198300,340200,483600,529800,271900,193300,260300,232000,250100,205700,204400,208900,206200,201300,366400,296900,198900,234100,200100,274000,288200,279300,233300,215400,277800,145700,360500,226700,407700,242900,162200,394500,136800,224100,126400,144900,120200,232800,177500,134300,155400,116900,90900,225300,225300,188100,187300
2017-03-01 00:00:00,363000,447500,202200,347500,492900,541100,277700,198700,261600,233600,253800,204900,202100,205300,204400,200000,385800,311500,198400,241800,194400,280800,297700,232700,227900,234600,278900,144600,409600,232500,429800,245900,163300,417200,143900,225300,126400,145600,120000,233800,177100,136800,158500,127300,83000,222900,222900,180600,179700
2017-04-01 00:00:00,372500,458300,203000,354400,505100,555300,284400,198700,267700,233200,252200,205900,201200,206400,203100,198800,400200,319300,200800,253400,184100,291900,306500,274600,225000,245300,290400,149100,412700,239500,437700,247800,167200,433900,145500,227800,124200,154200,118300,236400,179700,136500,154900,133600,86100,222900,222900,183000,182500
2017-05-01 00:00:00,378600,468000,202100,358400,517100,569400,291600,203800,270000,232400,252200,204000,201300,206600,202000,198700,404700,337100,200500,264500,190900,305000,321100,288800,217500,257000,292200,158200,404500,244500,448400,252400,173800,438200,144900,230300,122600,149600,115300,239300,178900,136800,152800,132300,91400,225300,225300,184600,184000
2017-06-01 00:00:00,382500,477500,206400,365300,528500,582600,299900,208300,269600,232400,251500,205300,197900,202200,199100,198600,404200,339000,193800,272100,194900,311300,328900,327200,212400,251200,302700,164600,395300,253700,446400,252700,178400,436900,145000,230600,124500,146900,118700,240000,172900,138000,155500,122200,104100,233000,233000,190400,189800
2017-07-01 00:00:00,385200,484600,211400,369500,536300,590700,310600,211200,273600,231800,250900,204500,195900,199700,196000,201300,403400,342100,197200,269000,188500,314000,331200,291700,220200,263100,294000,162200,395500,260400,448800,253700,168200,435100,146500,233100,125300,137200,118800,242400,180800,139700,151200,129600,120200,238000,238000,200100,199500
2017-08-01 00:00:00,389700,493500,216800,371400,547400,602900,319900,216500,278500,231600,250500,204900,195200,195700,198000,204100,403500,332700,201300,273900,174800,304800,328800,303300,218100,251900,303800,163100,374100,259500,441000,255200,174300,436100,151200,236700,127000,140100,119100,247000,175500,139800,152100,126600,121900,233600,233600,206700,206100
2017-09-01 00:00:00,393100,499200,218900,374500,553200,608900,329400,220500,286200,231000,251000,203100,200300,199700,203500,208100,406100,333400,204000,275800,179900,307200,331100,322600,220900,251300,302500,168400,393700,263200,436500,255200,178300,438900,150500,235000,126700,143600,119400,244400,177900,138500,144800,121100,133000,228400,228400,202600,201700
2017-10-01 00:00:00,398600,508200,222500,374700,564900,622000,339900,225100,285600,228800,249400,199700,200300,203700,202200,207400,410800,332900,218100,278300,177600,307400,343500,343300,221800,255400,310800,161400,393700,268200,437300,259300,184800,444000,154700,237300,120000,148600,114100,247300,176100,144300,152600,124100,134500,226100,226100,205000,204300
2017-11-01 00:00:00,402200,514500,223600,379400,572000,628600,352600,233900,292000,229100,249000,201400,195700,204200,194500,208900,413500,337300,219400,271800,184000,314700,348900,337900,229400,261400,306600,170000,397100,278100,431800,259800,182100,446800,152500,239600,125600,144800,117900,249600,179400,141300,151600,118700,135400,228300,228300,205600,205200
2017-12-01 00:00:00,406000,522900,227300,381700,582400,638900,366400,246100,291900,229800,249800,201900,193800,201800,193200,205400,416300,336500,221700,278200,196800,325300,350500,355400,232900,262200,305000,170500,392000,268500,434200,262600,185500,450100,151800,238600,127100,145800,119000,248600,176300,141800,150100,124100,137900,234800,234800,203600,203100
2018-01-01 00:00:00,410200,529800,232700,390900,590800,647400,378200,259100,288400,228500,249700,199000,193300,205300,190000,205600,419300,340000,222300,278500,190200,322500,349400,341000,241200,250700,289000,194800,411900,263900,435000,261500,189700,453400,153000,240200,125800,147900,118100,250000,180500,134500,145000,125400,121800,234700,234700,200000,199400
2018-02-01 00:00:00,410700,533900,238500,397400,593900,650000,386500,264500,301300,227600,248000,199100,196100,211900,191500,201300,420300,333800,224400,279100,185100,317700,345200,327100,245900,271000,299000,195200,413000,261200,439400,263800,200900,454700,161400,238700,128600,152000,120700,248100,180000,141200,142600,130100,145700,231400,231400,191600,190800
2018-03-01 00:00:00,413800,538300,241200,404300,598700,655500,393100,272500,299500,226500,245800,199900,198200,208600,196200,202600,422600,328100,222100,277000,188600,321600,346100,353300,249400,273600,291000,191400,404300,272500,441400,264100,204200,458400,172900,242100,131900,148400,123100,252100,177100,138800,144200,130500,131200,235600,235600,195100,194100
2018-04-01 00:00:00,413900,537000,242800,403000,598200,654700,397200,277300,302000,227600,246800,201300,197100,204500,196200,201000,425100,339300,205500,272500,188600,326700,343000,332200,245200,275200,297600,196600,397300,271800,444300,263900,193000,462200,191200,240900,135500,149000,126600,250800,178500,142100,143500,133900,140000,233400,233400,185900,185000
2018-05-01 00:00:00,415700,537700,244200,404300,598700,654600,403000,282900,304300,228900,247700,203100,194300,201600,193700,203100,427500,342300,223100,277100,198500,333400,347200,289000,246800,275600,298400,194700,441000,277200,448300,265700,184000,464600,195800,244500,136100,150300,127500,254100,182600,139200,141800,127000,135500,229400,229400,194000,192900
2018-06-01 00:00:00,416400,535700,249500,403100,595900,651800,403400,284700,306700,229700,250300,201300,193100,201700,191400,201300,430500,337700,216500,280000,183200,332100,348100,288000,245400,271900,295300,195000,447400,276600,457500,267800,175100,468400,197800,244500,134500,153600,126200,254200,177600,137300,139300,130600,137800,232600,232600,194500,193500
2018-07-01 00:00:00,418200,536200,251700,407600,597300,655600,399400,283500,302300,230800,251300,202500,190200,198800,188900,199200,434700,340600,223600,284800,180400,338300,345000,259600,241900,272700,293100,207900,423900,286400,460500,269900,182900,473800,199800,245900,130600,149700,123700,256100,175900,140300,142500,128800,144400,234300,234300,193600,192400
2018-08-01 00:00:00,418100,530600,253600,407300,591200,649600,394200,281400,299800,229000,250300,199500,187700,195500,186900,197800,438100,342800,225800,278600,182700,340600,354400,224700,245400,285000,295200,212800,433200,279700,471000,270600,180300,477200,201900,251200,130800,148700,122400,261700,179700,137500,142700,121600,138900,235000,235000,200500,199300
2018-09-01 00:00:00,418200,526400,256800,409400,586200,643600,394600,279400,300000,228500,249800,198700,186700,193800,187100,197500,442700,343900,224500,287400,182800,345200,358700,238400,254100,278000,304200,207400,432000,272400,469200,274300,172800,483100,210600,251100,129700,149300,121600,261500,178800,148100,149100,125700,160700,237000,237000,201700,200000
2018-10-01 00:00:00,418300,525500,258000,412800,584200,643100,391100,285200,305700,226300,247200,196400,188400,192700,189300,196000,446000,351100,230500,282500,175000,340200,365800,228700,258600,285100,313100,211900,431000,279500,472400,274200,176600,486800,212300,250800,128200,159700,121500,260600,183400,147800,145500,122900,169700,233800,233800,191300,189600
2018-11-01 00:00:00,414900,515700,257400,412800,572200,630700,384300,283200,305700,224900,246600,193700,189000,193400,189500,194400,446400,354100,229200,285400,172900,338400,357500,267800,258400,282300,310800,219200,452600,282900,467400,275700,177500,487500,218600,254300,128800,158000,121500,264600,183700,142400,145700,125500,151100,236500,236500,186900,185600
2018-12-01 00:00:00,416100,515900,256700,414200,573300,634100,380000,282400,303800,225000,246900,193400,187900,197600,185800,195400,451700,357700,227700,282600,174400,337500,359300,273900,261600,300500,311500,224600,450900,296400,471200,276600,183900,493200,221500,253200,126600,157400,119500,263700,178600,141200,145300,125800,147100,234900,234900,183200,181300
2019-01-01 00:00:00,411700,509100,259000,405400,564900,625300,375600,277800,313300,225800,248400,193300,183400,190500,182400,195600,446100,350900,228500,281000,173600,337100,354800,292200,264000,292500,300800,220100,432400,292900,472000,281200,177700,487500,230700,254000,127800,147900,120200,264900,177700,140600,147300,128500,138900,240600,240600,174400,172800
2019-02-01 00:00:00,408000,501200,258300,404300,557500,616700,374500,271000,297600,224700,247100,192200,178900,184200,179400,199300,445500,352300,226900,294000,178400,327100,358700,326500,272300,296900,291000,240400,466200,289200,467000,282700,171700,485800,230700,257500,127400,154800,121100,268600,178700,142000,146700,131200,142200,239700,239700,175500,173600
2019-03-01 00:00:00,404300,495000,256300,402600,549700,607500,374900,269100,305500,224100,247200,191300,175200,180000,176100,199400,444100,345900,222500,293700,184800,330000,368000,355800,275100,301500,290800,236100,471200,292200,462800,282700,175800,484500,226400,256400,131200,156100,123100,267200,179100,138700,140100,129100,142900,239400,239400,179300,177100
2019-04-01 00:00:00,403500,491100,256700,402100,544300,602100,371200,269700,307200,222600,245600,189400,174200,180900,174300,202100,446200,350900,227000,299700,193800,341700,370500,394600,280900,307300,309700,237500,468500,296200,461800,283000,179900,487500,228000,258000,127900,151900,120900,269200,178900,146200,141800,129300,166100,243000,243000,184200,182000
2019-05-01 00:00:00,403200,486200,257800,407500,538100,594800,370100,268500,301200,222800,245400,190400,179100,188700,177200,198700,450400,348400,226900,300600,208800,348900,368600,393300,277400,309700,311000,245700,482700,296300,463800,284800,178600,493700,230500,257300,128500,151300,121800,268500,177500,148300,145800,120400,168400,246400,246400,192900,190400
2019-06-01 00:00:00,405200,485500,259100,413400,536600,593800,367200,270300,303900,220600,241300,190400,180700,193900,177500,198900,455900,351600,239200,301800,208300,354000,368300,373000,277100,313700,322300,246800,459500,298300,468700,289600,178200,500900,236000,261700,129500,150700,122900,273300,175800,143300,147200,129700,144800,249800,249800,192300,189500
2019-07-01 00:00:00,406700,485700,259200,412500,536800,593800,368400,265900,306800,219900,242400,187200,184900,199900,180000,198400,460600,351300,239600,307100,207600,355000,367900,358000,286400,312100,323400,241700,476800,299100,473000,293000,183200,507000,241100,262000,128900,152500,122900,273200,180800,151000,150600,142300,160100,254200,254200,194400,191200
2019-08-01 00:00:00,409600,488300,256900,416900,539800,597300,368700,271000,303900,218900,241300,186000,183800,199000,179000,197700,465700,356700,254400,309900,207800,360000,374300,379300,286500,312300,319200,255200,491600,303800,481800,298700,185200,512500,258000,264600,127700,155800,122600,276200,179700,149600,148200,140200,160700,253400,253400,200900,197800
2019-09-01 00:00:00,413300,492100,260700,417400,544700,603700,369300,261400,305700,219900,242400,186600,181100,191800,178500,195700,469700,358900,260400,312500,205500,362400,380800,367000,284500,317500,311400,250200,498700,306200,488600,302200,186200,517300,255900,270100,130500,155700,123100,282600,175800,147800,147600,135700,156600,253100,253100,195900,191800
2019-10-01 00:00:00,415600,494600,263600,420000,547300,606800,370500,273800,303400,222000,245200,187300,177000,181400,177400,194200,473400,361200,271600,317300,199900,370800,380100,378400,285400,315500,304300,244900,482100,316400,492000,309300,187600,521100,257300,273700,129600,158300,123600,286800,178300,148300,149100,139600,153500,254100,254100,202800,199000
2019-11-01 00:00:00,419800,500900,265900,420300,553900,614400,374900,274700,312600,221900,244700,187700,177800,180700,178200,195100,480900,363800,273900,312900,205500,373500,385100,357500,292300,321300,325600,261600,492000,315800,500100,315000,189800,529600,264700,273300,131900,160700,125900,286500,176500,153200,152600,166400,146300,249100,249100,195400,191400
2019-12-01 00:00:00,423200,504700,266700,425800,557900,618800,378200,278600,317200,221600,244600,186800,178200,174700,181500,198000,485600,364600,274000,315700,205500,370200,387800,368200,295400,310000,323600,256800,502600,308700,501000,323200,198900,535600,268600,279300,134900,159800,127600,292800,176900,156200,154700,181600,139200,248500,248500,190600,185700
2020-01-01 00:00:00,427200,507800,265400,431700,560300,621800,379100,269400,328400,220600,241900,188100,177400,168700,181500,199600,492700,371500,276100,315500,206000,373100,396900,397800,295800,334000,325800,279900,543700,303300,504300,329500,209200,543400,267400,280900,134100,159600,128900,294300,181900,159000,158900,190600,130600,252900,252900,186100,181200
2020-02-01 00:00:00,429800,511300,266900,430300,565300,628600,377500,267000,323100,218500,240200,185600,176300,175600,177900,197000,499400,375800,277100,314600,202100,377800,409600,385200,293800,334700,327400,289400,510500,308700,507800,336900,209700,550300,263200,284500,135000,157800,127500,298600,178300,152600,161500,167600,118600,265800,265800,188700,185200
2020-03-01 00:00:00,429400,505000,265300,430100,558200,619500,375700,262700,322100,217300,240200,183300,177100,184200,176300,195200,501900,370500,267900,317000,210800,393300,419800,391300,303800,346700,329400,285700,548400,314200,520200,345100,201400,552300,259100,288000,133300,164200,125400,302400,181000,151000,162400,160300,114200,268400,268400,187100,182700
2020-04-01 00:00:00,424300,500900,266500,427600,554900,615100,374100,265000,303500,213900,236400,180500,176500,183100,176200,189800,494700,363700,267300,321800,216800,391100,420100,379900,313900,323300,328500,274500,486200,326200,511200,342600,192500,546800,253100,286800,132000,167100,125800,301900,177200,152500,163500,157400,115300,269700,269700,194700,189600
2020-05-01 00:00:00,422800,500500,264500,426000,554800,615400,373400,260900,301600,210200,232000,177700,175500,179500,175700,195300,493500,361400,265300,325400,224900,399100,418400,382500,306200,347300,317600,276700,511500,334100,511300,341700,199400,544900,253500,285400,133000,163500,127000,300400,177700,151100,160000,160500,107800,275300,275300,190500,186300
2020-06-01 00:00:00,422900,501200,266200,426400,555500,615000,377400,262100,303700,208200,229000,177300,177800,178700,179500,196500,491900,369400,266800,329500,228000,397300,415100,390200,305000,347300,333500,273900,504400,337400,511600,341600,200200,542900,256400,288600,136000,164800,129800,303200,183600,149000,153700,151800,129900,271100,271100,193300,189300
2020-07-01 00:00:00,427300,502900,265500,431300,557200,615500,381800,268500,302800,210200,232800,177600,179900,179400,181400,197800,499200,373500,282700,344400,224800,407900,418300,375600,309400,353600,340100,285100,552800,336800,523000,347600,199500,550600,264700,293200,137200,171000,130100,308800,179100,149200,153600,154900,126400,274400,274400,185300,180100
2020-08-01 00:00:00,431300,509900,270200,436000,564600,623100,387200,271600,311600,212900,236300,179500,181800,182500,182800,198200,503400,381400,282600,350700,236200,413600,421000,355800,311600,374200,339300,302000,530100,332000,532500,355300,204800,554600,265600,295200,140600,178500,134400,310900,181100,157500,154900,166000,151500,282700,282700,192400,187400
2020-09-01 00:00:00,433600,514100,271300,437800,569100,627600,391300,279800,317500,213700,238300,179000,182500,184400,183800,200200,504400,389700,296500,346700,246000,413000,424400,347300,309900,358100,348100,316400,542800,335400,542100,363700,219200,554500,271700,296600,140100,179600,134600,312400,181900,161400,157900,174900,149800,282700,282700,195500,190600
2020-10-01 00:00:00,434200,515200,277000,437600,570200,627900,393200,282700,321400,215300,240100,180900,180500,185200,180800,201000,504900,394400,292500,361200,254400,418400,426800,364300,316000,365700,351600,309700,572000,329800,551700,367000,222000,551500,274600,299000,144500,178600,138300,315000,185900,159700,158600,180500,135200,286700,286700,186800,181600
2020-11-01 00:00:00,434000,517100,281000,441500,572900,630000,397700,286200,320500,216900,242600,181500,181400,184200,181900,203600,503200,402500,285500,367700,254100,413600,434200,376300,317100,377200,346900,287500,571600,331500,558200,368800,230100,549400,279000,300300,147000,179200,140100,316200,189000,161600,162500,178200,142300,284000,284000,187500,183000
2020-12-01 00:00:00,437000,521200,289600,442800,576400,633000,401700,289000,332800,216500,242400,180600,181300,186900,180700,202400,505400,410200,281800,358400,258600,430900,439200,349900,327400,377400,352800,294200,565200,353800,563200,368100,231600,551400,287400,306700,149400,178100,143400,323500,188900,162900,165800,182800,130500,285900,285900,183400,178400
2021-01-01 00:00:00,438400,524200,290500,451200,579300,636600,403100,289600,332200,215700,243100,178000,183900,188600,183400,202400,507300,417900,276000,376300,257000,442000,443900,377000,327300,384600,356300,329100,563300,370100,567700,371800,238500,552800,296900,302900,155300,178600,148300,319400,187900,164900,172100,165000,144500,288700,288700,182300,176800
2021-02-01 00:00:00,442800,529400,298500,456300,584500,641400,409400,293800,335600,211500,238300,174900,187000,186000,190600,201700,513900,429800,282300,387000,244800,458700,454400,401000,327900,387100,396100,329400,579600,378900,578200,375500,246000,556000,317700,310700,156500,187100,150500,328400,191200,161800,166700,171600,141100,306900,306900,185900,182500
2021-03-01 00:00:00,451400,538700,309100,467000,593900,651800,415600,299800,347300,213800,240500,178600,188300,192800,188600,204500,523400,440700,258100,405900,236900,477200,466500,426000,326700,405600,417400,361100,606800,389300,588000,386600,250300,565700,328600,315100,159600,197100,153500,333300,193100,172200,174300,184800,150700,320200,320200,182500,178900
2021-04-01 00:00:00,460500,548500,319900,474900,604800,661900,426600,302800,347100,216600,244200,180000,190400,192800,192600,207900,533300,457400,273100,396300,247600,487400,479600,435800,334600,425500,435800,376800,585700,408500,600000,394500,257800,576400,326600,322700,162700,207600,156600,341500,198500,178800,175600,193900,165400,341100,341100,186000,182500
2021-05-01 00:00:00,466200,551900,333600,480000,605700,661300,432500,314200,359900,219600,248600,180600,191400,189900,194100,206900,540900,467700,311100,399400,234800,483600,492100,455200,333400,419500,450200,388400,581100,422200,605700,399000,279400,585200,331400,327900,166600,208400,158500,347000,202900,184400,180900,200400,155700,353900,353900,196200,192700
2021-06-01 00:00:00,471700,557700,341600,485500,611200,666800,439400,324100,367100,219500,249500,178800,190500,187600,194200,210300,549000,476700,327000,443200,246800,482300,498100,449700,354500,418800,444000,377700,584800,437800,613200,400800,279200,594800,338400,328900,170300,221500,161900,348800,196700,199400,187300,224700,197700,362100,362100,191500,188500
2021-07-01 00:00:00,476000,562700,351500,491700,615000,670000,446000,334300,375600,219700,249600,179200,188800,186100,191800,211500,553100,481300,381800,475500,280400,502800,504700,417000,362200,432300,443300,356300,617600,432300,623000,402600,276300,599200,341200,330100,173700,220900,165700,349900,195900,192400,189800,224400,144000,363800,363800,193000,190200
2021-08-01 00:00:00,481500,570400,361700,498700,622500,677300,454000,344300,383500,218800,248700,177700,189700,184200,195200,210700,560600,492400,386200,475800,299500,499200,507200,417700,380400,428800,456900,391600,608400,425000,627200,402500,288100,607700,341400,331000,176500,224300,169500,351300,194300,202100,195700,225600,181200,362900,362900,194200,190700
2021-09-01 00:00:00,491700,580300,365400,508800,632400,686900,464800,356900,392800,218100,247700,176900,192000,195500,193300,211100,573500,507700,383600,468900,314600,518300,514600,436000,389200,437400,451500,384900,621700,439700,639600,399800,285500,623800,342200,335500,181100,221400,174400,356100,198200,200800,195200,225400,177000,357100,357100,189600,187300
2021-10-01 00:00:00,504200,590200,369100,522800,641900,695900,477100,362000,403400,219300,248300,178400,193900,199800,194900,213400,598100,523000,388800,476100,335700,519600,521500,415900,406800,449300,454800,383100,619000,441200,649300,398900,287200,653400,347800,341000,184400,226000,177100,362100,202000,206800,198600,235300,194500,363000,363000,197000,194400
2021-11-01 00:00:00,516600,601700,377700,540000,652200,703100,497200,375800,416400,220700,250300,178700,195200,200500,195900,213400,616300,542200,381000,478800,355900,550000,532200,398500,409800,441800,462000,404700,627700,446200,665200,403400,301300,676600,354300,345800,186600,228000,180700,368000,201000,208800,202600,230300,208500,375500,375500,194100,191200
2021-12-01 00:00:00,526600,614800,389400,559500,665500,714600,516000,385800,423000,222300,252800,177500,195200,197200,195300,213800,630300,566900,383800,488800,350700,568900,539500,395800,415200,457100,467800,426200,635700,451100,673700,408000,303700,693100,364200,349000,188900,229100,183900,370900,207000,204700,206900,228700,173000,384100,384100,196700,194000
2022-01-01 00:00:00,542000,630700,407600,572400,682600,729900,537700,397800,434100,225100,256700,178000,195400,196600,195900,217300,650600,593100,379500,498900,369200,598000,561300,427500,426200,491800,469400,439700,673400,466900,700500,414800,310200,717400,368000,358500,192200,243900,187100,381600,208400,216000,207100,230200,236100,402700,402700,199800,198000
2022-02-01 00:00:00,558200,649400,422400,591100,701900,747000,562700,423200,447100,227500,260200,177000,197400,203500,197700,222200,682500,611700,388000,522200,382400,631200,594100,475600,428300,536700,498200,467400,750200,495800,728200,426500,313300,747000,372400,362300,194200,246600,189000,386200,209800,217300,216000,230200,220500,423100,423100,198100,196200
2022-03-01 00:00:00,571000,660100,430600,595300,713100,759400,568800,435000,466800,230300,264200,177300,198200,197000,202400,224300,700000,619400,409900,546300,383700,659900,615000,542700,443300,561900,523700,501400,775100,516500,763600,440100,332900,767000,389700,367600,192700,250700,192100,392300,216100,233300,222600,244500,263000,452200,452200,200900,199100
2022-04-01 00:00:00,568200,659600,436300,603100,711900,757700,568100,441800,451200,233000,266200,180500,198600,196600,202800,222700,695400,607900,433100,574000,377900,657500,632900,569900,445700,547600,522800,475200,779800,522100,747700,446100,321000,762400,405900,370100,197600,246300,195400,394700,222800,236600,241900,240300,216100,475600,475600,201400,199500
2022-05-01 00:00:00,566000,660800,429900,603000,713000,761000,562100,439700,454000,235200,269200,180400,199000,193600,204700,222000,687800,595300,454800,580600,378700,643000,631000,559800,448800,535500,545200,461400,769500,524000,744600,446200,319600,754400,412700,373200,201500,243300,200800,398600,221700,244000,241900,265300,204000,472500,472500,206200,204600
2022-06-01 00:00:00,557700,653300,423100,600500,704800,753000,553100,436300,446900,237500,272000,180400,198900,195100,204100,222100,672300,585000,451100,573000,386000,619700,622600,571600,463700,524400,544300,422600,715200,521900,713200,441500,325900,736700,416700,372200,206900,251000,206700,397900,219300,255200,251800,273500,225600,445700,445700,208900,207300
2022-07-01 00:00:00,551500,647400,415600,590400,698400,747700,543700,439300,445200,238000,273200,179000,199100,191900,205400,223600,661800,579800,445700,572100,383700,598500,610900,560500,466000,512800,532700,438900,687700,503600,685100,434100,327800,726900,411200,373100,211700,256200,213700,398200,220200,254100,259300,266700,207700,425600,425600,213200,211800
2022-08-01 00:00:00,544100,638600,409400,580200,688800,737300,537800,414400,442400,237800,273500,177400,199800,195600,204500,224200,652400,556600,447100,565900,383500,554800,590000,535900,459100,500900,518700,418200,674600,489600,668900,423800,319300,719200,408200,370200,213800,255700,215000,395500,216700,255100,249900,283800,218800,396800,396800,214000,212900
2022-09-01 00:00:00,537100,633500,407200,575400,682400,730200,533000,401600,441400,237700,273400,176900,201100,192800,207600,221000,642300,545400,428500,544900,390700,531000,573800,517100,458700,482500,482900,389100,677300,471300,660700,426700,314900,709100,408500,356200,213900,264900,216600,378500,220300,251200,248400,266200,229200,394300,394300,218500,218000
2022-10-01 00:00:00,532400,630600,401500,570100,682500,730500,532600,393300,430900,237800,274600,174000,204200,197900,209600,219000,639700,541500,397100,511300,378800,526700,565800,527700,451500,483500,485700,396100,648300,471600,661300,424100,312500,704100,417200,351700,214700,258000,218000,373500,219900,248400,249300,265000,222100,395200,395200,217400,216000
2022-11-01 00:00:00,530000,628300,404200,563900,679100,729200,523900,389700,436200,238000,275600,171100,203000,193700,209500,221300,633800,530300,387300,495300,391400,534800,559500,519400,441300,480900,480200,390400,644900,468900,680700,422300,297500,697800,406000,357800,214400,268300,218300,380900,218100,246100,244000,279300,221300,405300,405300,225700,224500
2022-12-01 00:00:00,526700,624900,394300,565500,675900,727800,514800,379100,431700,240000,277500,172700,209100,202700,212700,219800,629000,530000,389600,487100,357200,539300,550300,560000,431900,462700,467100,375700,647700,459000,661500,417300,292600,694900,398300,354700,206800,264000,213400,377900,215700,248300,236000,299500,231100,403800,403800,223800,222700
2023-01-01 00:00:00,523000,621500,398900,559900,673700,726100,511300,376900,422500,242100,280600,172100,208700,204200,213400,213200,621700,513500,396400,484600,358600,517800,528500,479600,416500,479000,464800,378600,645300,441100,659900,411200,290300,688800,394600,354600,206800,264700,213400,377700,216700,247800,241300,272000,251600,418000,418000,225900,224800
2023-02-01 00:00:00,517500,618700,392500,544200,672400,726200,506200,374400,422100,247800,287200,174800,203500,201800,209400,213200,614200,503400,369600,481600,373300,521800,528400,458700,421800,470000,481600,363600,641700,449400,651500,407500,286700,676500,391000,354200,208100,258800,216000,377700,218700,238500,248300,265400,196600,431500,431500,223400,222600
2023-03-01 00:00:00,515900,618100,393600,539700,672600,726400,506600,376400,424000,248300,288000,174600,202300,198400,207800,215300,608900,511000,370900,473100,373700,526300,523400,462000,416900,465100,471900,347600,632500,451000,640500,398100,287400,673900,379900,352900,211600,260900,218600,375600,224800,241600,246600,274800,197000,439000,439000,218800,218300
2023-04-01 00:00:00,519700,628500,392400,549500,683200,737600,515900,389200,430700,251100,292500,172400,198600,194300,205100,219500,612500,514400,370400,479800,368700,538300,535800,352200,426600,476500,479400,384900,655600,449000,638800,403100,293900,677000,372000,356800,215300,265700,223400,380200,225200,239200,246400,258500,194500,441500,441500,217300,216700
2023-05-01 00:00:00,526100,635500,394100,553700,691200,745000,526500,395800,431000,252900,294300,172600,201600,205700,203100,219000,622700,528500,364600,482500,361500,539700,541300,352900,427100,487300,491800,393100,655000,459500,644100,406500,297100,690600,374900,359000,220300,264600,227500,382900,223300,249600,248300,276600,201900,438100,438100,220700,219900
2023-06-01 00:00:00,535600,646500,398900,558300,702600,756000,538700,396800,447700,256900,298300,174300,207500,218600,206600,218700,635900,529000,364200,482700,379800,553400,551600,377100,434500,478500,494100,392400,656500,462400,666500,420300,291300,705700,379900,361600,217100,259400,226700,385000,233900,245100,247200,251300,213900,450100,450100,218200,217700
2023-07-01 00:00:00,539800,653600,405100,565100,711500,764900,547900,399400,443700,259200,300900,174300,209100,213100,209700,218600,640500,537700,370700,494800,379000,551400,554900,434500,443100,484800,496600,392100,675900,471000,680700,421200,297800,710600,387800,364300,217000,263800,227900,389700,218700,247500,252800,246300,217000,456900,456900,218500,217400
2023-08-01 00:00:00,542700,659200,405500,572100,716900,770800,551500,407800,445800,263500,305700,176000,208200,212100,210700,220400,640100,546000,372100,503800,366400,553100,559400,461300,444300,475000,497200,398100,666000,467600,689500,422600,288800,708800,396100,373500,223000,260900,231900,399600,226300,257800,256200,266800,236100,451900,451900,218500,218200
2023-09-01 00:00:00,542700,659600,410200,578400,717900,772700,550900,405900,426400,268400,311600,177800,207500,203900,212100,223100,640200,534200,382200,502600,363500,539000,558800,497200,451300,475100,495400,377200,665800,461900,684800,422200,310200,709100,393600,367100,228000,256400,236000,391500,231600,262200,261200,274000,237900,454300,454300,223100,223100
2023-10-01 00:00:00,541700,664800,412200,578100,722000,777800,552200,414100,452700,271800,315900,177600,210300,208500,215300,225700,633900,526500,388200,502200,363900,540300,554200,502600,448100,466200,475700,385300,647900,456400,677600,426000,299400,698900,397500,372700,227600,261600,238000,398200,230500,257700,261500,272500,225800,472100,472100,228400,227900
2023-11-01 00:00:00,537600,662300,408100,574700,721000,776200,553200,401700,439500,275600,320400,178000,217100,214000,221800,222800,628300,520300,386300,495800,367200,532100,546800,452500,449100,455300,469800,376100,659700,458500,673700,427100,300900,693000,398100,369400,228700,276700,239700,394300,229300,258600,264200,269200,241900,460000,460000,233700,233400
2023-12-01 00:00:00,534300,656900,406800,564700,715800,770100,551000,415700,431100,279100,324200,181000,212300,202000,218100,226100,622800,503200,383000,498700,364500,538300,539600,444100,430300,471600,491700,355500,644500,446200,674300,425300,307700,686400,398800,373000,236900,276900,249700,397800,234300,258900,265400,271000,237700,460100,460100,233200,232700
2024-01-01 00:00:00,531100,655800,397500,561700,714500,769500,548900,417500,432100,281500,327100,180500,215000,211000,218800,228900,615900,501800,374200,490700,349500,521100,534200,492200,424700,449700,476200,354200,650500,444800,657300,428200,294000,679500,396900,375500,232600,267300,246100,400700,237100,255000,267300,263500,227200,449400,449400,228600,228300
2024-02-01 00:00:00,527400,654400,398800,560000,712700,767800,546100,415400,434900,285300,329900,184500,218300,207800,227300,226700,612500,505800,378700,495300,360000,526500,528400,435400,416700,448900,464000,392700,646900,445700,634500,423400,329200,674000,383500,374800,239400,271600,249300,398700,245400,250800,263000,261400,223700,442600,442600,237600,236800
2024-03-01 00:00:00,525400,651200,398300,557900,710000,764600,545200,410700,425400,289500,333400,188100,222200,215500,229600,222800,611000,506700,373800,500300,364900,530800,531400,460900,416500,465600,472600,403400,655200,437000,643800,419900,291600,672700,389400,377000,244600,275100,254500,401500,245800,258500,263100,284100,232100,450100,450100,238500,238100
2024-04-01 00:00:00,523200,650800,397300,557000,710000,765300,542400,402200,425700,293200,337800,189600,224300,214000,233400,220500,610200,509400,373500,503900,366000,533800,533400,434200,421500,455700,473300,403500,659400,444100,643800,413400,298200,673600,390700,374400,245900,274000,257100,398500,249100,269400,261800,304200,259700,453500,453500,233200,232500
2024-05-01 00:00:00,521700,650200,403800,559500,707400,762100,541700,404200,427900,296700,341600,191800,226200,218500,233200,225400,607500,504600,371500,495900,360200,539300,542700,470600,432500,458200,483400,392700,655200,443700,648600,415000,294000,670400,390500,376600,243600,279800,255100,400900,250000,282400,263700,320600,282200,459900,459900,228900,228500
2024-06-01 00:00:00,520900,649700,404100,559500,707500,762500,540400,406100,421100,299700,344600,194300,226800,217200,235300,225100,607700,511200,384000,490600,367700,533600,537900,467600,431300,455800,481400,388600,656200,446700,647800,412700,288200,671900,377600,377700,240700,288400,251900,401900,253000,289300,269300,352300,258800,466800,466800,232500,232100
