Date,AGGREGATE,BRITISH_COLUMBIA,VANCOUVER_ISLAND,VICTORIA,LOWER_MAINLAND,GREATER_VANCOUVER,FRASER_VALLEY,CHILLIWACK_AND_DISTRICT,INTERIOR_BC,ALBERTA,CALGARY,EDMONTON,SASKATCHEWAN,REGINA,SASKATOON,WINNIPEG,ONTARIO,BARRIE_AND_DISTRICT,BRANTFORD_REGION,CAMBRIDGE,GREY_BRUCE_OWEN_SOUND,GUELPH_AND_DISTRICT,HAMILTON_BURLINGTON,KINGSTON_AND_AREA,KITCHENER_WATERLOO,LAKELANDS,LONDON_ST_THOMAS,MISSISSAUGA,NIAGARA_REGION,NORTHUMBERLAND_HILLS,OAKVILLE_MILTON,OTTAWA,QUINTE_AND_DISTRICT,RIDEAU_ST_LAWRENCE,SIMCOE_AND_DISTRICT,GREATER_TORONTO,WINDSOR_ESSEX,WOODSTOCK_INGERSOLL,QUEBEC,MONTREAL_CMA,QUEBEC_CMA,NEW_BRUNSWICK,GREATER_MONCTON,NOVA_SCOTIA,HALIFAX_DARTMOUTH,NEWFOUNDLAND_AND_LABRADOR,ST_JOHNS_NL
2005-01-01 00:00:00,201700,242200,136200,265400,264200,289400,224400,158300,204500,149300,164500,117700,109900,106800,113900,114300,190200,143200,132900,164200,110900,169000,173300,149600,142900,189800,107300,234700,164900,189400,212800,160700,147300,171200,148300,212000,138100,97500,181700,188000,131400,81400,81400,178600,180800,128300,129400
2005-02-01 00:00:00,202300,243900,141200,270100,265200,290700,224800,160100,208600,148500,164200,116800,110500,105600,114600,114000,190300,143100,132700,164700,112300,168600,172400,149600,144200,189100,107800,235600,165000,192400,213600,161800,148000,168700,148600,212200,137200,97800,182700,189100,131800,81300,81300,178000,180100,129100,130400
2005-03-01 00:00:00,202900,245400,145700,275700,266000,291500,225300,161100,208100,146400,163400,116000,111000,104200,115300,113900,190800,142600,132500,165300,113600,168300,175600,149600,145500,188600,107800,236300,165400,195400,214300,159300,148700,166300,148700,213300,136400,98200,183500,190000,132100,81900,81900,177600,179700,129800,131100
2005-04-01 00:00:00,203300,246700,146000,279600,267600,293700,225800,163300,209500,145300,162900,116200,111600,103700,116000,114700,191000,141900,132400,165900,115000,168900,175000,149600,146800,188200,111400,236200,164200,198400,213300,158200,149400,163900,149000,213600,135600,98600,185200,191800,132400,80900,80900,177700,179800,130600,131900
2005-05-01 00:00:00,203700,248100,146200,283600,268500,294900,226300,164700,212300,142300,161100,116500,112100,103400,116600,115700,191400,141200,132200,166600,116400,169600,175000,149600,148100,187900,111000,235800,163300,201600,212300,159000,150000,161500,149000,214600,134700,98900,185200,191800,132800,81400,81400,178100,180200,131500,132700
2005-06-01 00:00:00,204500,250300,146900,287100,269500,296100,227000,166100,217500,141400,161700,115900,112700,103100,117300,116800,191800,140400,132200,167200,117800,170400,174900,149600,149500,188200,112000,235300,162200,204700,211200,158900,150700,159100,149100,215300,134600,99300,186700,193400,133100,81400,81400,177700,179700,131200,132500
2005-07-01 00:00:00,206500,254100,151200,290200,274000,301200,229700,168100,220800,141900,162100,117200,113200,104000,118800,117000,192900,142700,132300,167700,119200,171400,176400,149600,148300,187500,113800,236400,163900,207900,214300,159000,151400,156800,150100,216200,133700,99600,189900,197000,133400,81800,81800,177600,179600,131700,133000
2005-08-01 00:00:00,208400,257400,155500,293700,277900,305900,232200,170000,222800,144300,164300,117400,113700,104700,120300,117400,194000,144700,132400,168200,120600,172300,178200,149600,147100,187300,114600,237500,165600,211200,217300,159900,152100,154500,151000,217100,133700,100000,187500,194300,133800,82000,82000,176700,178800,130700,132100
2005-09-01 00:00:00,210900,262200,160100,297800,281800,311000,234700,172000,231100,147400,167900,117600,114200,105800,121900,117300,194800,146500,132400,168700,122000,173400,176700,149600,146000,187100,113800,238600,167500,214500,220300,161300,152800,152300,151800,218000,133400,100400,186500,193000,134100,82300,82300,175700,177700,130100,131500
2005-10-01 00:00:00,213000,264700,162400,300900,285100,314500,237500,174700,229300,152300,172500,120200,114800,106600,122700,120400,196100,147700,132600,169100,123500,174500,179700,149600,147900,186800,115300,238600,168200,217800,221200,160300,153500,150000,152900,219600,133300,100700,188200,194900,134400,82300,82300,177500,179500,129400,130700
2005-11-01 00:00:00,215700,268800,165100,304400,288300,318300,240500,177300,239300,158500,178300,123100,115300,108100,123500,123100,196900,149000,132900,169600,125000,175800,182200,149600,149900,186700,117300,238600,168700,221200,221800,161400,154200,147800,154100,220200,133000,101100,185500,191900,134800,82400,82400,179300,181300,128900,130200
2005-12-01 00:00:00,217700,270700,167600,307900,291600,321800,243400,180300,235300,164500,184500,126000,115900,108600,124300,125800,198100,150300,133000,169800,126500,177000,181300,149600,151900,186400,118100,239400,169000,224700,222600,162500,154900,145700,155200,222000,133200,101500,182800,188800,135100,82700,82700,181100,183200,127700,129000
2006-01-01 00:00:00,221000,276600,170200,315000,296400,327100,247600,180800,247000,170000,191200,127800,116800,109500,124200,125600,198900,151400,135200,169600,130700,177600,182000,149600,152100,188300,119700,241200,168200,217300,223800,161400,155500,156200,156300,222800,135000,103500,186800,193200,135500,82800,82800,182200,184300,126300,127500
2006-02-01 00:00:00,224000,280900,172200,320900,301100,332100,251800,181700,251200,176100,200000,129500,117800,110200,124000,125600,200100,152300,137100,168900,135100,178300,184800,149600,152300,190000,118300,243400,167000,210200,224800,162200,156000,167600,157300,224200,137500,105600,189900,196600,136000,82700,82700,183900,186000,124300,125500
2006-03-01 00:00:00,226500,284300,173700,328000,306000,337500,255800,181900,250300,181500,208500,131200,118800,110700,123900,125900,200600,153200,138800,168400,139700,179000,183300,149600,152400,191700,120400,245500,166200,203300,225800,164500,156500,179700,158200,224500,140200,107700,190600,197400,136400,82300,82300,185800,188000,121900,123200
2006-04-01 00:00:00,229800,288000,176200,328600,310300,341500,260100,185500,252700,190600,220100,137600,120500,110900,126100,126500,201900,154500,140800,167800,144400,179800,184700,149600,152800,193700,119000,247300,166800,196600,228100,164400,157000,192700,159200,225900,143000,109900,193400,200500,136800,83400,83400,183800,185900,119800,121000
2006-05-01 00:00:00,233500,292700,178300,330100,315400,347100,264500,188400,260300,201300,234000,144600,122200,111300,128300,127400,202500,155800,142600,167200,149300,180600,184800,149600,153200,195700,117800,249000,167900,190200,230500,165200,157500,206700,160000,226500,145900,112100,194300,201500,137200,82900,82900,182000,184100,117800,119000
2006-06-01 00:00:00,237500,297200,181500,330500,320100,352200,268900,191400,264700,212600,248400,151200,124000,111800,130600,128300,203800,157100,144700,166700,154300,181500,187300,149600,153600,198600,121500,250700,169100,183900,232900,164600,158100,221600,160900,227800,149500,114300,200800,208700,137700,82800,82800,179500,181600,114900,116000
2006-07-01 00:00:00,240800,300900,183300,331700,324400,356200,273000,194500,269200,224300,259100,163300,124400,112500,132000,129600,204100,157300,145000,166300,156000,181700,187100,149600,154300,198300,118900,250700,170400,185200,233200,166000,156400,216500,162100,228200,146600,114100,194500,201600,138200,83000,83000,182500,184600,119600,120900
2006-08-01 00:00:00,244200,305200,185200,333900,328100,359700,277000,197800,279600,235000,267600,175300,124900,113200,133500,131000,204500,157500,145200,165900,157800,181900,188800,149600,155000,198700,119500,250800,172100,186400,233400,166200,154800,211500,163300,228600,144700,113800,196000,203100,138800,82700,82700,184900,187000,123500,124700
2006-09-01 00:00:00,246800,306800,187100,336500,331900,363600,280800,201100,271800,243700,274100,188100,125300,114400,135000,132200,205600,157600,145300,165400,159500,182300,190300,149600,155700,199000,122900,250800,173500,187700,233400,164500,153200,206600,164500,230200,142400,113600,192600,199300,139400,82600,82600,187200,189400,127600,128800
2006-10-01 00:00:00,249800,311100,188100,338100,335400,367600,283600,204400,281900,250500,279700,196000,127000,115300,137800,133500,206000,158100,145700,165000,161300,181900,192600,149600,155500,199500,122900,251300,171600,188900,235300,166400,151600,201800,164900,230300,140500,113300,196200,203300,140000,82400,82400,188400,190600,131800,133000
2006-11-01 00:00:00,251900,313700,189500,340700,339000,372200,286200,207500,279900,255500,282700,204500,128800,117000,140700,134500,206900,158800,146200,164500,163100,181700,193700,149600,155300,199800,121000,251700,169300,190200,236900,166900,150000,197100,165300,231800,138200,113100,194900,201700,140600,82100,82100,189500,191700,136300,137600
2006-12-01 00:00:00,254700,317200,190300,342400,342700,376400,288900,211200,288400,261800,287500,213100,130500,117700,143600,135300,207800,159600,146500,163800,165000,181300,194500,149600,155100,200100,125100,252800,167200,191500,238400,169500,148400,192500,165700,232400,136500,112800,199100,206400,141200,82000,82000,190900,193000,140300,141700
2007-01-01 00:00:00,256700,318800,192800,344800,344800,378400,291300,212900,285400,268300,292600,222400,135500,118200,151100,136900,208200,160000,147800,165400,167400,182200,189800,149600,156100,201300,123200,253900,168700,192200,238900,172200,149000,191900,165700,233600,135200,114700,200300,207600,142000,82300,82300,190400,192600,143300,144700
2007-02-01 00:00:00,258900,320900,194200,344500,346600,379900,293500,215300,288600,274100,296000,232000,140700,118200,158900,138300,209600,160200,149200,166700,169800,183200,194800,149600,157000,202200,125500,255500,169600,192900,239200,170200,149500,191300,165200,235000,134300,116600,201700,209100,142800,82800,82800,189800,192000,145800,147200
2007-03-01 00:00:00,262200,323800,194900,344800,348500,381400,295700,217000,299600,281600,301400,241800,146200,118200,167200,140000,211200,160600,150000,168000,172300,184200,199600,149600,157900,203200,126900,257100,171400,193700,239200,172000,150000,190700,164700,236600,133800,118500,204400,212000,143700,83000,83000,189900,192100,147800,149100
2007-04-01 00:00:00,264200,326400,196600,348600,350700,383500,297500,221400,303100,286400,304500,250300,160800,131600,182000,142400,211700,161300,151200,169300,174900,185200,195100,149600,158100,204300,124800,257500,172400,194400,241000,172500,150600,190100,166200,237700,133500,120500,204700,212200,144500,84500,84500,192000,194200,150100,151500
2007-05-01 00:00:00,266800,328900,197200,354400,353500,387100,299300,225500,305400,292100,307900,259400,176900,146100,198100,145300,213100,162400,152100,170600,177400,186200,199800,149600,158300,206000,127300,258400,174300,195100,243200,172200,151100,189500,167700,238900,133200,122400,203400,210600,145300,84400,84400,194400,196600,152700,154200
2007-06-01 00:00:00,269100,331600,199600,358600,355900,390400,301000,229300,307000,296400,311100,268100,191500,163000,213300,148300,214300,163500,153400,171900,180000,187300,197900,149600,158500,208600,127100,258900,176400,195800,245300,176400,151700,188900,169300,240500,133400,124500,207600,215300,146100,84800,84800,196000,198200,153700,155200
2007-07-01 00:00:00,271100,334100,201600,360600,359100,394000,303000,232400,308900,298200,314100,265700,199100,172200,219600,149200,215600,164400,154100,172400,179000,189100,201400,149600,161500,207400,127300,261300,176300,199100,244400,174700,153800,192700,169800,242100,133700,123500,205900,213100,148100,84900,84900,197600,200000,153700,155300
2007-08-01 00:00:00,273300,337400,204200,363400,361700,397400,304700,235500,317000,298400,315400,262400,207000,181700,228100,150200,218000,165100,154700,172900,177900,190900,210000,149600,164600,206900,127400,263400,176800,202500,243700,176400,156000,196600,170300,244100,134700,122400,206900,214000,150100,84600,84600,198600,200900,152300,154000
2007-09-01 00:00:00,274500,340300,206800,366800,364700,401200,306300,238800,321000,297500,316200,259000,216900,193100,237600,151100,217700,165600,155400,173300,176900,193000,203000,149600,167700,206500,127700,265300,176400,205800,242500,178200,158100,200500,170400,244200,135500,121500,208900,216100,152100,84200,84200,199600,201800,151100,152700
2007-10-01 00:00:00,276000,343700,209300,369600,368100,405400,308500,241100,323800,295400,315700,253800,216300,192900,236400,153300,219000,166700,156400,173900,175900,193500,200400,149600,167600,206400,127300,268500,177700,209300,246900,178700,160300,204600,171200,246200,136300,120500,211600,218800,154200,84100,84100,199300,201600,149800,151300
2007-11-01 00:00:00,277800,347400,212900,373800,371900,410400,310700,243400,328200,293800,316300,249100,218200,194100,237300,154800,220300,167700,157300,174400,174800,194100,200600,149600,167400,205800,130100,271400,178600,212800,251300,179500,162600,208700,172200,247300,137500,119500,213900,221200,156300,83900,83900,198600,200900,148900,150400
2007-12-01 00:00:00,279900,352700,215300,376400,375300,414200,312800,245800,346300,291400,315000,244800,219000,194100,238100,156200,221700,168700,158000,174700,173800,194600,203200,149600,167300,205300,127300,275200,179600,216400,255300,179200,164900,212900,173000,249300,138400,118500,215600,222800,158400,83800,83800,198500,200800,147400,148800
2008-01-01 00:00:00,281500,355100,219800,381100,378500,418400,314700,244600,345100,290600,314700,243500,226600,203400,241400,161000,223300,170200,159300,175800,172500,195500,207100,149600,167300,204800,136300,273400,180900,215000,256200,180000,165600,215300,174600,250600,136300,120600,218100,225500,159700,84300,84300,200000,202400,151800,153400
2008-02-01 00:00:00,282100,356800,218800,387100,381600,422100,316500,244800,338100,289200,313200,242000,233800,211700,245900,165600,224100,171600,161200,176600,171500,196100,209100,149600,167300,204400,129500,271900,181900,214800,256800,183800,166400,218000,175100,251500,133400,122700,217000,224100,161000,84700,84700,200100,202700,155500,157000
2008-03-01 00:00:00,282700,359100,227300,381400,384000,425000,318400,244300,341300,287300,310700,240400,240200,219300,251400,169600,223700,172400,164000,176700,170800,197000,206000,148300,167600,203900,129300,270200,183900,214500,256900,183400,167200,221600,176000,251400,130500,125000,218400,225700,161900,86200,86200,201900,204700,159100,161100
2008-04-01 00:00:00,282900,359800,224800,383200,384500,425400,318900,243900,348700,284400,307600,236900,243600,223400,254000,169800,225300,172500,166300,177900,169500,197800,209600,146600,171600,203300,131900,270000,182800,214200,255800,187000,169400,225400,177400,252800,129400,127100,218200,225300,163300,85800,85800,203000,205800,162500,164700
2008-05-01 00:00:00,282200,359300,227700,383100,384000,424900,319400,243200,345100,280200,303300,233500,246900,225700,257700,169900,225900,171800,168800,178000,168600,198800,208100,147700,174900,203900,132200,271200,181800,212400,255100,187800,170100,229100,178600,253500,127700,129700,220800,228100,164500,87000,87000,204900,207800,166700,169100
2008-06-01 00:00:00,280900,358700,228100,383300,383900,425200,319800,242300,340400,275500,299000,230300,252300,230200,262800,169400,225700,172000,169200,177600,167800,199800,210800,147700,178000,203900,132200,271200,181500,210900,254300,188500,171200,233600,180600,252900,127900,132200,223800,231400,165800,87600,87600,206600,209500,168300,170500
2008-07-01 00:00:00,279500,356600,227200,386400,381200,422100,317800,239000,341100,271700,295000,226600,246400,224500,256700,171800,226000,172900,170800,178200,167800,200900,210300,147300,178400,202600,132500,271600,181500,213500,253800,191100,169800,231500,180200,253100,127200,131400,219900,226800,167200,87500,87500,206700,209700,170200,172600
2008-08-01 00:00:00,277700,353300,227900,386900,378400,419300,315700,236100,332500,269000,292500,222500,240600,218800,252200,172500,226300,173500,171700,179500,169400,201600,211100,147300,178600,202000,132500,271300,181700,215000,253400,191900,168400,229700,179900,253200,128300,130700,222600,229500,168400,87900,87900,206100,209300,172400,175300
2008-09-01 00:00:00,276200,350500,225100,383700,376400,417600,313500,233100,330300,266900,291400,218800,237100,215800,249100,174000,226100,173900,173500,181300,170600,202900,212300,147300,179000,201000,133200,269700,179800,215800,251600,193500,167000,224800,179100,253100,129900,129600,225000,232100,170300,87000,87000,206300,209700,173500,175900
2008-10-01 00:00:00,273800,345500,224200,382300,369300,408100,310200,228700,328400,265500,290300,217000,231300,211200,242300,173100,225500,173300,173700,181800,172600,201400,210700,147300,180900,200600,134900,269700,182100,217100,250600,193800,166000,222400,178100,252100,129700,128800,226700,233800,171900,89200,89200,205600,209000,175100,177800
2008-11-01 00:00:00,271200,339400,220700,380700,363200,400100,306900,224100,319400,263900,288500,215900,227500,207600,237500,171900,225100,172100,174400,183200,174400,199900,207600,147100,182800,199600,135100,268600,184900,217600,250400,197300,164600,220400,177600,251100,132200,128200,233300,241000,173500,92200,92200,204100,207500,176500,179000
2008-12-01 00:00:00,265500,329900,217500,371800,356900,391700,303700,219400,292000,261500,285600,215000,223300,204000,232300,170100,221700,171000,176100,184600,175400,198500,201300,147100,184500,197400,129900,268400,186600,217600,247500,193900,163300,217800,176800,247800,133300,127200,229800,237000,175000,92900,92900,203400,206800,176000,178500
2009-01-01 00:00:00,264400,328500,221300,362800,354000,389800,300100,217000,298400,257200,280700,211200,220100,202400,227600,171500,221800,170300,173200,184000,173800,198300,212500,147100,181900,195000,130600,267300,185500,215400,247000,196400,161900,218400,177400,246300,133400,126300,230800,238000,175500,93300,93300,205100,208700,178100,180700
2009-02-01 00:00:00,262300,326400,211200,357400,350700,386500,296600,215900,304400,254300,279000,206600,216300,198800,224200,170900,220700,170000,171500,182500,172300,197300,208100,147100,179500,193000,131100,266900,185500,215200,246100,194400,160500,218200,176200,245000,131800,125600,228500,235400,176300,94500,94500,206100,209500,181300,184000
2009-03-01 00:00:00,260100,322900,206300,360500,347700,383600,293300,214300,298400,248000,271300,201900,212800,196100,221500,171700,220400,169200,169400,181300,170300,197100,206000,147100,177200,191400,130600,265800,184800,213000,244300,195500,159400,218900,176000,245400,131500,124700,228100,234800,177000,96900,96900,208800,212600,183100,185700
2009-04-01 00:00:00,259500,322700,207900,359000,348200,384700,292900,213500,293600,244800,267800,201800,213400,198200,221100,170900,220300,169900,165400,179700,169000,197500,207600,147100,178800,188400,132000,263900,183500,213000,244500,195500,158100,218900,175000,245200,131200,123300,233100,240300,177300,97400,97400,210400,214400,185400,188000
2009-05-01 00:00:00,260200,324500,210500,359500,349900,387900,292500,213400,296100,242900,264700,202200,213900,198600,221600,171700,221000,170800,159700,178300,167300,198200,204300,147100,180800,188100,135100,264400,182700,212000,245700,199000,156700,221300,173900,245500,131400,122300,235100,242400,177800,98900,98900,210300,214700,188500,191100
2009-06-01 00:00:00,261900,326100,210600,362700,352100,392100,292400,213100,293100,243800,266600,202800,216200,202100,222800,172000,222900,172500,158300,177400,165100,197900,208600,147100,183000,186600,132300,262600,185600,210500,247400,199900,155700,221900,173900,248900,131900,121200,237600,245100,178100,100500,100500,210900,215100,188000,190600
2009-07-01 00:00:00,265600,331500,212100,369300,357800,399300,295500,214600,302300,246300,269100,205800,218400,205800,223900,174300,225700,173400,157600,177300,165500,198300,211200,154700,184100,187200,136300,267700,185400,212600,251900,202100,158000,226400,175600,251900,131200,122700,235600,242600,178700,102400,102400,211900,216000,191200,194200
2009-08-01 00:00:00,268600,335100,210900,370400,363600,406600,298400,215800,298200,249900,272700,208400,220300,209500,226000,176300,227800,174800,158300,177000,166100,199100,209500,163600,185000,189000,137200,271700,188400,211500,259200,204100,160900,231700,177200,254500,131400,123900,239800,247100,180000,106200,106200,211600,215700,192700,196100
2009-09-01 00:00:00,272200,340700,212600,372200,370400,415300,301700,217300,305500,253300,276400,211400,223100,215000,228100,180200,229800,175400,158800,177500,165500,200700,212100,172000,185600,191500,138100,273800,187400,211800,262200,205200,164500,236800,178000,257200,129800,125100,240100,247400,180300,109600,109600,211000,214900,194100,197400
2009-10-01 00:00:00,275800,345500,214200,378900,375700,421800,305000,219900,306100,256300,279800,212800,223800,211700,230300,182600,233000,176100,160400,176900,165300,204400,216500,178700,185900,193200,134400,277100,185400,212200,263300,209900,167900,242000,178500,261100,128700,126500,241600,249200,180800,111500,111500,214600,218700,195100,198200
2009-11-01 00:00:00,279200,351000,216700,382000,381400,429200,307500,222800,315600,258500,281900,215100,225900,208300,234800,184500,235300,175800,158500,176900,165400,207800,215900,190000,187600,196500,138700,278900,184900,211200,263100,210500,171300,245400,179900,264600,130400,128100,237300,244000,182100,112200,112200,217000,221300,196000,198600
2009-12-01 00:00:00,282500,355300,218700,393600,386400,435600,310900,225200,311400,261200,284800,217800,228500,205900,239200,185800,239000,176600,159000,177600,165100,211700,221200,199000,189000,197800,141600,282100,182800,210600,263100,217900,174800,249300,180700,268500,129800,129700,238500,245200,182900,113900,113900,221300,225600,196800,199600
2010-01-01 00:00:00,286200,360700,219500,396900,390400,439900,314500,229500,328600,263800,288200,219000,232200,206500,244700,182200,241500,177500,163700,177200,160200,212500,223700,189400,195900,200600,143900,286600,189200,221300,270600,215400,171900,243000,177100,271900,128200,125000,247700,254800,188900,120800,120800,215300,219400,199200,201100
2010-02-01 00:00:00,287400,361300,222000,407000,392400,441500,317200,232400,316400,265300,290700,219000,233300,205500,246500,186200,243000,176300,159900,177200,167400,217500,219900,193600,194100,203200,143800,286100,195500,230800,272100,219200,163900,241700,181200,273600,124800,126000,254100,261700,191300,119900,119900,218900,222700,200600,201600
2010-03-01 00:00:00,289500,364400,226600,410000,395000,445900,318100,233800,319900,266600,292900,218200,240400,225100,249000,188300,244900,179900,161900,178800,168600,216900,222000,199400,185400,206000,146000,289500,192000,231000,274000,221800,178700,246600,184100,275700,125100,125600,253300,260300,195700,117800,117800,216200,220000,204800,206400
2010-04-01 00:00:00,291100,365200,227800,412300,396400,448600,318700,231500,317600,269000,294600,223200,240000,220900,250300,190700,247000,180600,164200,176600,175800,214800,228700,202600,187100,204700,147900,294800,192200,234500,277800,221700,181000,246400,183500,277800,125100,121400,259900,267200,198200,118300,118300,218800,222400,207700,207900
2010-05-01 00:00:00,291100,364200,226900,405200,396700,447900,319300,225900,314100,269500,294000,225300,240400,224600,248800,191300,247700,182100,166000,178000,206400,214800,228600,211300,193500,202200,146300,295100,193500,232200,276600,223000,184300,242100,183400,278400,124100,122300,256900,263300,203600,119500,119500,221700,225100,210000,209500
2010-06-01 00:00:00,291000,364500,224400,403600,396500,447100,319500,226800,316800,268300,292400,225600,238300,219700,248600,192200,247900,181000,164600,179700,210500,216200,225900,212500,201200,199500,147900,298400,194200,233400,282300,222300,185400,237900,181100,278900,123200,122000,265100,272700,199800,120700,120700,223600,226900,215200,215500
2010-07-01 00:00:00,289200,362300,223900,399800,395800,445900,319800,227300,307000,266100,291000,222500,240300,219700,251600,194300,246700,178900,167900,179700,208900,213500,222200,208500,205000,199100,148200,296200,195100,231400,286600,222000,192300,233100,183400,277700,125700,121900,258700,265300,202100,127200,127200,226000,229300,219400,218200
2010-08-01 00:00:00,288400,360800,221600,399500,393500,442200,319300,229200,305800,264500,290000,220400,241000,221600,251700,197100,246700,177800,170300,180200,204000,217700,221000,211900,202800,199600,151100,296400,193500,225100,286500,220900,188100,229000,183200,277600,127500,119000,259600,266300,200900,129800,129800,232300,235500,224200,220900
2010-09-01 00:00:00,288400,359900,219900,404700,392600,441000,318100,227100,304700,263600,288700,220800,240800,221400,252700,194400,247800,179600,166800,179300,198400,216200,227700,213700,197300,200800,146000,299200,193400,224600,290600,224400,187900,229900,186300,278400,127000,120700,258400,264800,200800,135900,135900,235400,238600,226700,224600
2010-10-01 00:00:00,288300,359700,221600,399600,392900,441500,318400,221500,302500,262000,286700,220200,243600,223100,255200,193500,248300,179900,166100,185900,207900,217200,227100,215200,203000,198300,149100,294100,196500,227800,290900,224700,191600,228900,187100,278700,129200,118300,261000,267700,201000,136600,136600,232300,235300,231400,229400
2010-11-01 00:00:00,289000,359500,222100,398600,394700,443500,319600,220800,294800,261100,285300,220200,244600,229700,253500,196000,249900,182100,167900,187600,195200,217600,231000,207700,200000,201000,148500,298500,203400,222300,288900,226400,192200,238200,186400,280500,123800,118100,264000,271100,199300,139200,139200,227600,230600,234800,233300
2010-12-01 00:00:00,290800,364000,224900,397600,397800,448100,320700,223300,307700,260600,284400,220200,243600,230900,251400,196900,251200,179700,168300,184900,188700,218300,231100,206200,198300,208800,150800,300300,204500,219900,291300,228300,187400,245700,187200,282500,124600,117400,265300,272300,202300,143800,143800,235300,238300,236700,235800
2011-01-01 00:00:00,291300,364000,223500,398700,399900,452400,320100,226800,295700,259300,282900,219200,246300,233400,254900,201400,251800,182700,170700,185800,202700,218300,224400,205700,193100,202200,151900,308800,197100,223000,291900,228700,186700,246700,185900,284100,125200,115200,274300,282100,204100,148500,148500,245900,249100,242300,241400
2011-02-01 00:00:00,292700,366100,222900,394400,402500,457400,319400,225700,304400,258700,282100,219300,245300,231700,255700,202300,253500,184800,165000,201100,201200,217700,228000,206500,193000,200000,154700,308300,200200,215700,293100,223800,198500,248700,189300,286300,136100,115700,275400,282500,210800,143600,143600,250500,253100,237100,238200
2011-03-01 00:00:00,293900,366900,221900,392600,403800,458800,320400,225200,303100,260200,283400,220700,242500,230400,253100,203400,255100,182900,160500,202800,201600,218100,232200,215400,195000,200000,153400,308700,198400,220600,294000,230400,191900,265400,188800,287500,138300,115700,277600,284800,213500,143300,143300,247200,249800,241200,239800
2011-04-01 00:00:00,294700,368200,220600,392900,405700,461100,321500,225300,300200,260500,283800,222300,240800,229800,251700,203600,255700,181600,157900,206700,199100,220600,227900,211500,194600,204600,152800,309800,205500,209500,296200,233000,179700,241700,188300,288800,136900,116400,276300,283000,215900,142200,142200,242400,245100,240600,240100
2011-05-01 00:00:00,295600,369800,219800,401000,407500,461800,322700,224100,300600,260100,282900,222100,241100,229400,252300,203800,256500,180800,160500,210400,201900,220000,228900,213800,196200,205200,152400,308600,207600,206600,299100,233700,175400,239300,186300,290000,141000,114200,275400,282200,214900,151100,151100,237200,239800,240300,240900
2011-06-01 00:00:00,296100,370800,219500,402100,407700,462500,320000,222300,304700,260200,284900,219300,242600,232600,252300,207000,257100,181000,161900,211200,200300,220200,228500,214500,200400,206300,150300,313400,205100,229200,297700,234400,187400,232900,185100,291100,127900,112800,275700,282200,214800,150500,150500,237900,240500,240300,239600
2011-07-01 00:00:00,298700,372400,217900,398700,410900,465300,323100,225200,300800,262200,286100,223100,244100,232700,254200,206700,260100,183100,159300,213200,202900,221600,238900,216100,196600,204800,150900,315500,204900,226200,295400,237400,188100,250400,181800,294200,124200,115600,281900,289000,216300,147300,147300,240400,243000,238900,238900
2011-08-01 00:00:00,300900,374600,218600,394600,414200,469600,325100,223000,303100,262700,286100,224800,245000,236600,253800,208200,262800,184100,163000,213900,190200,221800,241700,220600,193800,202100,150300,316400,201700,230300,296600,241400,185800,252900,183100,298300,120800,118800,284200,292400,210100,149100,149100,241300,243600,243400,242600
2011-09-01 00:00:00,301500,373600,221000,389300,414500,469000,325500,224200,296600,262600,286200,223500,245800,239000,254800,207400,264300,184200,163100,212300,189600,224200,239300,221300,195400,202500,151000,325600,205600,229200,300100,240300,209200,254400,183600,300400,120300,116600,283900,291400,216300,147400,147400,244000,245900,243400,244800
2011-10-01 00:00:00,302400,375200,223900,388300,415500,471100,325700,226000,299200,263600,286600,226000,246700,241700,253900,205700,264700,184100,164100,210300,176200,224300,231700,224600,193300,206600,152600,328300,203200,230300,306200,240900,203400,256000,186500,301500,121200,123400,285700,294500,206300,147700,147700,248900,251000,244500,243800
2011-11-01 00:00:00,303500,374700,218400,393500,414700,470600,325300,224600,301300,263800,287500,224800,251200,246700,258500,209000,266800,186200,163100,210100,184500,227200,240700,228300,193100,202200,153000,328700,207600,238200,297000,241300,188300,254900,185100,304100,119000,126000,283200,290900,213800,149600,149600,244800,246800,252300,252700
2011-12-01 00:00:00,302800,372000,216400,385000,412000,467600,323500,224600,298600,263100,287400,222100,252800,252400,258200,212300,267300,187900,161100,209200,187200,228300,236500,230900,192600,205800,154100,330000,208100,230800,304500,238600,195400,256600,184800,305400,123500,126100,294400,303300,215800,147700,147700,247100,249200,256000,255700
2012-01-01 00:00:00,303400,370800,215700,383400,411100,467100,322100,225200,292700,263800,288200,222200,250200,250700,255900,212000,269600,187500,156300,210500,184200,229300,244800,230800,198200,208800,151300,329700,212300,236300,302100,239500,184800,257600,187200,307600,125200,124100,295600,304600,216300,143800,143800,240800,242800,255600,256000
2012-02-01 00:00:00,304700,372600,218100,384700,412200,469000,322600,223200,305000,264700,287400,225700,252900,257600,256500,210600,271000,189700,165300,206100,188100,229600,244200,227800,197500,214100,151400,333700,210400,242300,308800,240100,178400,262800,188000,309500,123200,127200,289300,298000,215200,146500,146500,244000,245800,257300,256800
2012-03-01 00:00:00,305000,373000,217100,383600,414500,472800,323800,217500,297100,262100,284600,224300,255300,256100,260600,205900,271900,189900,167700,211000,185000,228300,244200,228400,196300,206600,151400,335900,208100,230700,319700,240100,174800,252400,184100,311200,123600,120900,291600,300400,220300,146700,146700,243500,245300,246800,246800
2012-04-01 00:00:00,305400,373200,218700,381800,414800,473900,324400,219700,296600,260500,283300,222000,256700,255900,263000,212500,273700,189300,170000,215400,190100,228800,250600,230700,200700,212500,150100,336600,207200,218400,323300,241200,177500,247900,186100,312800,121600,126700,284100,292200,217000,149200,149200,248300,250200,256900,257500
2012-05-01 00:00:00,305500,371800,217300,380800,412700,470200,322800,221300,299600,261000,286000,217900,257100,253400,264700,213200,274800,190100,172700,214900,162900,230700,252000,229800,204300,207600,150800,343200,206500,218400,325800,239800,159300,240700,188800,314100,123500,131200,288600,297000,221800,149400,149400,254800,256300,259100,258500
2012-06-01 00:00:00,305500,370100,216900,377600,411300,467000,323300,222400,297400,262700,287700,219700,259100,255200,266700,216500,275700,191100,173200,219500,159600,233400,251600,229600,206700,207800,156300,347100,206700,225600,323500,243400,177900,241600,189200,314800,128300,130900,289600,298400,220800,152200,152200,258000,259600,262900,262200
2012-07-01 00:00:00,305200,367200,217200,373500,407700,462300,321200,218500,296400,265700,291400,221200,260900,259100,267200,215600,276800,192200,174500,222900,173300,233700,254200,232400,204300,212600,152400,349400,205300,209900,324000,242900,194400,233800,189400,317300,132000,132500,288500,297300,222400,152200,152200,257600,259100,243700,242600
2012-08-01 00:00:00,304000,366000,217600,378000,405600,461100,319300,217200,298600,264300,288500,222600,263000,259400,269800,216600,275900,191800,172200,222700,193200,233600,251300,232100,208600,214500,155800,351000,205900,211200,323500,242500,193500,240800,189000,315600,122000,131900,290700,299600,224400,149600,149600,256300,258300,251500,252200
2012-09-01 00:00:00,303400,365100,216500,378600,404400,459600,318900,217000,301100,264000,288500,221100,266900,268200,272700,217100,275700,190200,175800,224500,195900,231600,248900,233500,206600,209900,156300,350700,208800,211800,320400,243400,188400,234200,186100,315900,127800,128300,289400,299000,219800,147000,147000,257200,259200,263100,261600
2012-10-01 00:00:00,303600,364000,213200,377100,404400,460800,318600,221700,293700,265200,290400,221300,267400,263600,274200,223600,277200,192100,171800,224000,189100,232400,255200,236100,207300,207200,154700,351100,214100,218700,317900,242900,199200,239100,184500,318000,129800,130700,288600,298000,220300,149000,149000,259700,261600,263700,265000
2012-11-01 00:00:00,303400,364700,216100,372700,405000,462400,318700,225600,298500,266600,292100,221900,267700,263600,274800,221300,275600,190800,173200,223200,201700,231800,257500,237800,202300,204700,151700,355000,205700,238800,318500,239400,194300,240600,187600,316800,131400,128800,287200,296600,218300,150200,150200,266500,268300,256600,257100
2012-12-01 00:00:00,304800,365500,216300,374100,406300,464600,319600,221300,297900,268300,294800,220800,270000,264200,278200,221600,277200,193800,173100,225100,199300,233900,261800,240200,197300,206200,155100,355700,209100,225100,313700,243500,188700,242800,188600,318300,128800,122700,299900,310800,222100,148700,148700,266800,268700,265600,265500
2013-01-01 00:00:00,305400,367900,216700,375400,406700,465100,319900,217100,308600,270300,296000,223500,271000,260000,281500,220800,277300,195400,172500,223600,187200,236600,255900,243200,198000,201200,153600,351000,209400,250000,305100,245900,194700,252500,189400,319200,123100,125000,294700,304500,225000,153200,153200,270800,272700,253700,254100
2013-02-01 00:00:00,305100,364400,214000,370000,408500,467800,319800,217000,289600,273300,300900,222600,270500,259000,281200,223000,278100,193400,170200,225300,195900,240000,256700,248500,203000,199300,153400,357400,204400,247100,319400,244600,195700,246200,187300,320500,126300,123500,292800,302700,225300,152300,152300,260900,262900,272400,273000
2013-03-01 00:00:00,305200,362600,210600,365200,404200,461200,318300,221300,292400,275300,305000,223300,268500,256600,279500,220500,278900,196300,170300,221300,175900,242000,259200,248000,201400,199600,152900,353200,208000,251300,318800,241900,201300,259300,189600,322500,124700,122400,295800,305800,227900,153400,153400,269100,271300,267900,268800
2013-04-01 00:00:00,305600,361400,209100,367000,401200,457600,316300,221800,300600,278400,308100,223100,271700,257800,283400,227500,279400,201300,169700,225900,172400,242300,255000,247300,202200,196600,152600,364300,210800,245900,318500,243500,190600,263200,190300,323000,123200,125200,296300,307100,224800,148100,148100,266700,269000,262200,262300
2013-05-01 00:00:00,306800,362000,205700,365400,403200,458700,317600,224900,295900,280000,308300,227400,272900,261400,283800,230400,281500,203600,172300,229700,187800,241300,265700,247800,199100,200200,150900,365100,213100,250300,321300,241900,184800,270800,192700,325900,121500,121800,293700,303600,229200,145300,145300,269400,271800,268900,269300
2013-06-01 00:00:00,307200,361300,207600,368900,402800,458600,315800,221200,292500,281800,309500,230200,273400,258200,285300,230600,282400,202600,175500,230000,192600,240000,269100,251400,200100,200300,152500,364900,211100,255800,323100,240800,186700,269000,195400,327800,128900,122600,293800,303800,229100,145000,145000,268400,270500,276300,277000
2013-07-01 00:00:00,307600,362800,207700,366100,404500,459500,318800,217100,297500,282100,310700,228200,272300,262800,282000,228300,282500,201700,176900,228600,202900,241400,262300,250500,200200,200300,156200,361600,209200,249400,328200,242700,180300,270700,192700,328100,124900,123500,290100,300000,227000,144600,144600,267300,269800,289800,291100
2013-08-01 00:00:00,308100,363300,211000,366400,406000,462100,319600,217500,294300,284000,312900,229600,272400,260300,282700,227800,282000,202200,176100,232600,196300,242800,262500,250500,201500,200400,152500,363300,206500,261800,329700,241300,188400,259500,189900,328500,132700,120600,298600,310000,226700,142000,142000,266500,269000,281400,282700
2013-09-01 00:00:00,310500,364700,208600,363400,407300,464300,320400,215200,301600,286600,316200,230800,273300,267600,281400,234000,285200,205900,177600,234900,199500,246200,258900,253600,203400,208300,154600,367100,211000,249000,337000,249400,194000,268100,192100,331600,128400,117900,294500,305000,228300,141400,141400,266100,268700,284300,285100
2013-10-01 00:00:00,311500,365300,207800,362400,408400,467400,320300,216500,301700,288600,318400,231900,275100,262900,285000,234800,286400,207500,183000,234100,208300,244200,267800,254200,208000,213300,155300,374100,210300,266000,343700,242800,191100,267500,192500,332200,129400,120000,299800,310800,230200,140700,140700,263100,265600,302000,302400
2013-11-01 00:00:00,313300,365900,207000,365200,410000,469400,322100,217400,298800,290800,321100,233100,274100,257400,285700,232800,289000,210200,187300,237300,190500,246900,269900,253700,214900,215900,155200,376400,210500,262200,352400,242200,189700,266100,195000,335800,131800,116400,296500,308200,222100,137200,137200,263100,265700,305900,307200
2013-12-01 00:00:00,314700,367900,208800,363300,411800,472200,323100,218900,303700,292100,321900,235300,274000,252900,287400,234200,290300,210100,191800,240800,171500,246200,273500,255900,214700,215900,152500,379100,209600,259200,351400,244100,194800,257100,196900,337600,124800,117600,293800,304700,224700,135900,135900,261000,263400,309500,310500
2014-01-01 00:00:00,315100,369200,211700,367500,412500,470800,326500,215700,303500,294000,325100,232400,272700,248500,287400,230500,290600,211600,192700,238900,166800,248600,267800,261900,213100,212700,153000,374900,217300,259500,357700,243200,184700,254100,199300,338900,129500,114800,291400,301500,226700,136600,136600,264000,266500,318100,319100
2014-02-01 00:00:00,316900,369400,210800,366500,414400,473700,326500,217300,301000,297600,328700,235500,279000,259200,291100,234500,291900,211100,198200,238900,158500,249000,275200,266300,211400,207900,154000,377800,211900,267600,352700,246300,183400,271500,201400,340200,128700,114800,297300,310100,218000,137400,137400,270100,272500,311700,312600
2014-03-01 00:00:00,318200,370000,211800,371100,413100,471800,326400,219200,308600,301900,335000,238000,279600,261000,290800,236900,292900,211000,199500,238100,166600,251800,276300,266000,207500,208000,155000,387600,213900,268100,350200,246100,183600,259200,200100,341400,125400,118200,302100,314800,222700,137800,137800,264000,266500,315500,316900
2014-04-01 00:00:00,319000,370700,210300,373500,413100,473300,325800,218600,308500,303700,335600,240900,278200,261000,288600,233500,293800,211800,199200,237100,173700,254800,273100,267500,209500,201300,154800,386700,215100,262800,342100,245700,189500,257600,198400,344500,142900,118900,303000,315900,223400,139200,139200,266700,269100,315300,315900
2014-05-01 00:00:00,319400,370100,214200,368600,413700,474700,324900,217600,305800,307100,338900,243000,274300,255300,285400,237300,294100,210700,196900,232600,169100,256800,272200,268900,208400,206500,155500,395000,210500,252100,345700,248100,191100,260800,198600,345200,128700,119400,297600,309300,226000,137000,137000,265800,268400,305500,307600
2014-06-01 00:00:00,320600,372100,212300,368700,414500,477600,323700,221200,316700,307300,339100,243100,275900,257800,286900,236000,295600,211900,195700,230400,176500,259400,278700,268800,210600,214200,155000,391500,210700,255700,345600,248700,182200,267000,199800,346800,124100,124600,295400,306600,227800,138000,138000,260800,263200,304600,305600
2014-07-01 00:00:00,321800,372300,213600,369600,415500,480200,322300,223100,312100,308400,340000,243800,273300,250800,285900,240100,297600,216100,197700,229500,175700,259900,276600,264500,209400,213000,155800,399700,215400,259600,348300,247800,193400,270800,204100,349300,135000,118900,295700,307700,223600,136800,136800,271400,274300,299700,301200
2014-08-01 00:00:00,324200,374100,213400,372000,417500,483000,322300,223400,315100,309600,341800,243000,276400,253500,289400,240000,300500,218300,196400,230600,183300,261300,288200,270600,206600,217200,155100,396000,222400,255400,350800,247900,194100,307300,207900,352600,140800,121800,305100,318100,227700,142500,142500,275900,278700,297300,297300
2014-09-01 00:00:00,325700,376400,213900,375200,420000,487500,324300,224900,317600,311000,342100,247100,273200,248400,287400,239200,301500,219900,199800,231300,175600,266100,288600,269900,204500,215700,158800,393600,217900,241300,352100,246400,196900,274800,208200,354400,142400,116300,299000,310500,231100,143600,143600,270300,273300,295900,296200
2014-10-01 00:00:00,327900,378800,215000,377900,422200,488900,327700,223500,324500,312200,344300,245300,275500,249100,289100,241600,303500,219300,200200,236700,192700,264500,287600,266600,205600,219100,155200,393900,220300,249900,356100,245200,182500,272400,209200,358900,136800,116300,306600,318600,236300,145000,145000,265800,268800,295300,295800
2014-11-01 00:00:00,329500,380600,216200,386900,424600,491900,329100,225000,321400,313100,344800,246800,274700,245300,289100,241800,305900,221100,199500,239600,184600,263600,287700,263900,211600,216800,157500,400200,220100,255100,366700,247500,167800,267600,208900,361500,147000,116700,298100,308900,235700,146100,146100,263900,266900,299400,299200
2014-12-01 00:00:00,329000,378500,211500,384700,426500,493600,331100,220900,306400,314600,346000,249300,278300,264000,288300,236200,304900,219800,202500,240100,176400,265200,286700,263900,211200,213500,160100,404400,219400,247900,371400,247300,186800,270700,211800,358900,152800,119000,296800,307700,233100,149300,149300,268900,271800,288500,288800
2015-01-01 00:00:00,333400,384600,214200,382600,430100,499200,331300,226300,321800,314300,345100,249600,275400,260900,285300,236000,311000,221700,201700,243200,192000,265900,292200,264000,216600,219800,163300,416700,218300,245500,372400,250600,183800,267100,210400,367400,150200,121200,295500,306900,230400,141800,141800,269400,272300,290600,289800
2015-02-01 00:00:00,334000,385600,216700,382800,431800,499300,333800,227200,323000,310800,342200,243700,271400,249900,283300,236000,312500,225200,202900,240100,173800,266800,299400,262900,218700,223500,156500,412400,227900,256100,370500,250300,178900,252600,215400,369200,140200,118100,299700,311600,231000,149300,149300,268100,271000,313700,313700
2015-03-01 00:00:00,334800,388100,217400,381200,434900,502900,335400,229600,323100,309800,339300,249600,268700,244700,280800,242400,312400,225600,205500,243200,175100,267600,296100,263100,215200,224900,160900,409700,224700,261900,367900,253400,179300,279300,218200,369200,152900,118300,302800,316200,225700,155900,155900,274800,277700,295100,294300
2015-04-01 00:00:00,335400,389200,218100,377600,436800,504700,337100,232300,319600,307000,335800,247100,267900,246700,278700,241500,314000,225500,207500,243900,204700,268900,298700,263100,219400,227400,160900,413100,224600,260500,370600,249000,187600,307600,219700,371000,165600,122500,302200,316000,224100,150900,150900,275900,278700,301600,302000
2015-05-01 00:00:00,337200,391000,218100,378800,438100,508300,336000,232800,325300,306100,335100,245700,270700,247200,282700,240400,316500,227100,202600,249000,214600,276300,303400,262900,218900,226600,161800,416000,228500,258700,367800,246700,183000,307300,217800,374500,151400,117200,307100,321200,226500,149200,149200,271400,274000,292900,292700
2015-06-01 00:00:00,339600,393200,221100,376700,441600,514100,336600,229900,324700,306300,335500,246200,269100,245800,280600,239700,320000,231800,206900,250500,204900,271500,308100,258800,217800,225700,161500,424800,230800,266700,372400,246500,188200,303200,221300,379500,152100,120000,309800,324700,223800,145600,145600,271900,274200,293000,293600
2015-07-01 00:00:00,341600,396000,223000,381500,444600,519300,337100,230700,326800,306900,336100,246700,271000,246000,283300,240200,321700,232700,206600,257200,192400,276200,303800,266500,217300,229000,158500,428700,234500,279800,377000,244800,193200,298200,222800,382700,149900,120500,309600,323700,226400,142400,142400,268400,270800,285900,286200
2015-08-01 00:00:00,344700,399700,222100,384800,448400,523600,338700,232800,334100,306300,335100,246000,268500,242300,281500,242200,326700,236500,206600,262300,194700,274700,315100,266200,219900,224800,160700,436200,234400,265800,379100,245000,187400,300700,225800,389300,144300,120500,303200,317200,221600,139100,139100,263600,265300,285300,286200
2015-09-01 00:00:00,348600,404200,223700,389700,454700,534600,340800,233900,329800,305500,334900,244900,270000,245700,282700,241200,330600,238900,204200,266000,183200,278400,317700,265600,223800,221200,159700,441000,234800,270100,383200,248200,190100,303700,231100,394700,146000,121500,304900,318400,225500,141800,141800,266300,268200,278800,279300
2015-10-01 00:00:00,352800,411800,223900,396500,463600,547500,343800,239300,338500,303400,332100,244100,265400,241200,277600,236900,334700,243700,203100,268200,181200,281800,325400,267200,222000,216800,165400,447600,240900,274400,387500,250800,182100,302000,236900,397900,147000,120000,304900,318700,223900,139300,139300,271700,273800,268500,269200
2015-11-01 00:00:00,356500,417400,225400,396500,470200,555000,348100,244000,341200,302400,331700,242500,269700,248300,280500,237700,338000,245600,204100,269100,177900,284900,325500,270400,223400,226200,164800,442600,241900,278000,388400,248900,182300,305500,238100,403700,146600,126500,304200,317600,226600,131200,131200,271900,274200,267500,268100
2015-12-01 00:00:00,359900,424000,228900,403000,478500,565100,354300,251900,343900,302700,331800,243900,266100,241000,279400,239200,339700,250500,206300,269800,177500,287700,324400,270400,228200,230100,166400,441900,242400,276500,402200,250300,198800,309800,241500,405700,149100,125600,306900,320800,227200,133900,133900,268000,270300,271400,271800
2016-01-01 00:00:00,362800,430300,229400,403900,486400,573500,362600,254000,343200,302200,330800,244100,266200,245500,277800,245000,339900,252500,208200,270700,176700,286300,326100,264000,229800,231400,158300,440200,240800,264500,412700,250200,181700,323100,238300,405800,150800,131300,311900,327100,225900,129100,129100,267400,269700,271000,271400
2016-02-01 00:00:00,365700,437800,230700,407700,499000,590000,370200,259300,338300,302300,330100,245500,261000,238700,272200,243200,340000,247500,211700,273200,179800,287100,315500,262100,227400,232300,165300,448600,244600,269500,397100,252100,190200,295800,239900,407500,164200,128800,308700,323000,226300,123700,123700,275600,277900,266300,266700
2016-03-01 00:00:00,370900,448100,234000,412400,513400,609900,379400,259900,339500,298500,326400,243400,265300,243500,276200,240500,343500,250000,210000,267800,184400,287200,326900,263600,226100,242300,164800,459700,252700,266000,399800,248100,172800,288700,240700,412100,159300,127700,314700,330000,229600,124900,124900,276300,278600,253600,254100
2016-04-01 00:00:00,376900,459100,236100,414200,528300,628800,392400,267300,349000,297900,325200,243300,263700,240600,274900,240500,347900,255200,214300,263200,184200,288300,336500,265100,226300,244500,166700,459000,248000,273100,406500,253500,183600,292000,249700,417400,156900,132300,314700,330700,226100,125600,125600,271100,273600,261500,262100
2016-05-01 00:00:00,384100,471400,240500,424100,544100,649600,405600,273900,353300,294800,322400,239900,262600,239700,273400,239700,353200,262900,213100,262200,198700,293200,342200,266600,228400,247200,167500,460700,251200,279600,418600,255000,178600,287000,256500,424300,168000,128900,317100,333400,227100,125700,125700,271500,274200,265300,265900
2016-06-01 00:00:00,390900,480900,242900,430300,557300,662500,422100,287900,353400,292900,319900,239200,262200,240400,273200,238000,359400,270300,211300,266500,196700,302200,346500,264800,233200,246100,168900,467500,255200,280000,428500,252300,175300,293000,258100,433000,165700,135500,327000,345100,227000,124000,124000,271600,274700,262400,263100
2016-07-01 00:00:00,397900,489300,246500,443600,566400,670900,433600,297600,363100,292000,318800,239200,261100,237200,272600,236600,368300,276700,212500,265200,193300,306700,361000,268900,240300,252000,173200,486000,259700,262800,432400,261300,184700,291600,266000,443300,161800,131000,324400,342000,226600,124800,124800,269200,272000,259500,259800
2016-08-01 00:00:00,403600,496900,249300,446300,577300,677300,448300,306100,367300,291600,318500,237700,260500,238000,271300,234600,375300,286000,218300,263200,181400,316300,359800,268100,246800,255600,176000,502800,270700,261400,447100,253200,182100,299800,272400,453800,173100,140300,324400,341900,227700,123600,123600,269200,271900,261700,262100
2016-09-01 00:00:00,408000,499700,254200,452700,578800,681500,450500,315700,370400,291100,317900,238100,259800,236800,271300,234400,382700,290000,220900,271900,178800,323600,373200,268900,250800,259400,179100,518400,275700,262700,451400,251500,184100,298600,280800,462700,178500,142300,315000,331400,225100,124000,124000,274100,277000,261400,261400
2016-10-01 00:00:00,411000,499100,260200,457000,579200,677600,456100,316100,365600,291200,317100,239800,259000,239600,268600,235200,389200,294800,229000,275700,190000,332800,370500,267800,255600,256000,177200,523900,280700,274400,462900,252900,184900,302200,280300,472300,181600,145300,325600,342800,231800,121200,121200,273900,276500,254500,254700
2016-11-01 00:00:00,416400,505500,263200,460900,585600,686400,459700,322600,374500,291500,317100,241400,255900,234000,266500,240000,396200,302200,239600,292300,188300,340300,384600,270400,261000,264400,183300,526000,282100,281800,467000,253000,187100,311300,289400,479600,171000,145300,326700,345200,226700,124100,124100,280400,283000,257100,257200
2016-12-01 00:00:00,419100,508300,268500,463200,589100,691200,462900,325200,375800,290800,317700,238000,255600,243700,263600,245900,399900,303200,241600,286700,196500,344300,379700,275000,263000,268400,180500,541400,293000,262100,475300,255800,186000,311600,289900,486900,172400,146900,329200,347900,228800,126000,126000,277700,280200,249000,249100
2017-01-01 00:00:00,428600,515400,267000,471800,598600,704600,467200,333200,373600,292100,318700,240400,254400,236600,264500,249300,415000,321500,248900,287300,183300,354600,397400,272400,268800,274800,178700,548500,298000,307900,487900,254900,187400,309900,297600,508100,185200,151100,330700,349100,233600,126900,126900,277900,280400,244400,244500
2017-02-01 00:00:00,438700,522300,273400,476300,604300,710000,473700,330500,394500,290400,317700,236900,257500,243000,266100,243200,432700,344900,250900,307900,197700,361600,415200,273500,278100,284300,187900,564400,306900,336600,518200,252500,191400,325000,301700,529300,176100,149500,330800,349800,229800,127500,127500,273900,276500,244700,245000
2017-03-01 00:00:00,446600,527300,277700,486100,609100,715700,478300,340500,399300,289300,316100,236100,256800,235300,267700,242400,446000,354900,252800,320400,208700,373100,425200,275400,290600,288300,190300,608300,332000,335700,532300,255000,177400,328900,303700,547600,175600,155600,332200,351900,227200,121200,121200,271200,273600,254500,254400
2017-04-01 00:00:00,455000,534000,284400,496400,616400,725600,485300,341900,400200,292300,320700,238100,256900,228400,270200,245500,458200,357600,257900,337300,208600,383600,433700,279300,299400,304700,198800,603300,333500,358600,552800,256300,183500,328900,316900,565700,175600,146800,346400,368100,229200,121900,121900,277400,279900,251200,251100
2017-05-01 00:00:00,459200,541700,289800,506800,626200,735900,496000,354400,402100,294000,322000,240200,257000,232200,269400,244000,458600,357100,268000,346800,215600,391800,436400,280900,305400,344500,206000,596900,353000,360600,556600,260900,202400,333600,337900,562900,185200,142600,338600,358400,229500,124800,124800,276300,279000,257400,257600
2017-06-01 00:00:00,461100,550000,296700,511900,636400,749500,503600,355400,408500,294200,322900,239500,256800,232500,268900,244900,454000,350400,268000,349400,218800,392700,426200,284200,307100,350700,209700,578400,363700,382500,559200,263200,210100,326800,335800,555300,196500,155500,347100,369200,225700,125800,125800,275000,277400,251900,251900
2017-07-01 00:00:00,463100,558900,294000,513300,648500,765400,513600,366100,412500,293000,321900,237900,256900,231900,269000,245600,449300,348500,271000,356500,221600,390000,425400,283200,304300,348500,212800,560500,369500,379700,545500,261700,194100,336800,334500,549200,220400,151700,346900,369000,224300,125500,125500,277500,279800,251300,251200
2017-08-01 00:00:00,464100,566200,298500,519400,659900,778600,522400,369800,409000,291500,321400,234500,254800,232300,266000,247500,443800,342600,277700,358400,217700,390500,427700,287500,301800,358100,214900,547600,364700,404200,526800,269500,197700,316400,324300,539100,186700,151600,349600,372000,224100,121000,121000,286500,289000,245300,245700
2017-09-01 00:00:00,465600,572400,301900,527000,667400,785200,532300,377100,408400,292500,322100,236900,251900,225100,264700,248300,440700,343000,278800,357100,214000,384800,430700,289200,302400,362200,215200,543100,367800,373200,513500,268200,193200,321100,319000,534400,188600,158000,337000,357200,223800,116300,116300,280900,283300,245500,245600
2017-10-01 00:00:00,469900,581200,304600,528800,677800,797400,541600,386800,417700,293400,322500,238800,253400,226700,265900,248400,440500,347600,280400,359800,215500,387100,425800,290800,309800,364200,218200,552000,361900,366200,506600,269300,175700,317200,314000,533800,242100,163200,344800,366100,224700,117900,117900,282600,284900,249200,249500
2017-11-01 00:00:00,471400,586100,306000,529400,685200,803300,551700,393000,414200,290400,320100,235600,249900,225900,261400,248400,440300,343300,282400,357600,226700,390300,415100,290000,314000,362400,219700,569800,368200,361800,501700,270800,183000,316700,315800,534100,190800,165500,340500,360300,226600,119900,119900,275900,278300,245300,245200
2017-12-01 00:00:00,474600,594400,305800,528900,693100,812300,561100,403700,431200,288500,317600,235500,251300,224500,264800,247700,441300,341200,285600,361800,224000,393900,438300,290900,311800,354500,227200,564100,375200,339100,499000,266700,174500,326200,317700,534100,199600,159700,340100,358900,232000,114000,114000,278600,281100,248700,248900
2018-01-01 00:00:00,477200,598300,311700,536500,697800,811800,568700,411500,429800,287700,316200,235200,250300,230400,261400,247900,443300,335000,295900,363700,224600,395000,437600,301500,313500,357500,235500,581700,374200,346700,509000,259500,178000,324600,324200,535900,193700,169800,351500,371900,231900,114700,114700,274500,276600,253000,253100
2018-02-01 00:00:00,478200,604200,318400,546000,705700,821600,577000,427300,430600,289100,317200,238000,249600,232700,258700,246500,438900,332000,295600,362300,232900,396400,419900,295000,314400,355700,241100,566400,368700,348600,503600,264400,186200,319600,319500,530300,192400,173100,356700,377100,236400,112900,112900,270800,273100,247400,247000
2018-03-01 00:00:00,481100,609900,323300,551300,712700,828800,584600,428700,430900,290200,319300,237300,248700,232100,257700,246300,439900,333500,303500,371700,237700,399400,433800,293400,318200,354100,245200,556100,360900,358500,510500,268400,205500,326600,314200,530100,217400,176600,357400,377400,237500,113500,113500,269900,272200,239900,240000
2018-04-01 00:00:00,481200,610700,326700,556300,715500,834100,587100,428300,432100,290600,320500,235100,247700,231900,256100,244000,439400,332000,301400,364400,232200,400500,436500,293800,320600,349300,248800,565900,359800,352300,509000,269300,212300,309900,318400,529900,214000,180000,365500,386600,238000,116300,116300,266100,268600,238800,238100
2018-05-01 00:00:00,481100,609600,326800,554800,713400,829200,589100,426600,435500,290600,321600,233800,248400,228400,258500,249800,438800,332400,307500,361800,233300,398300,434400,296600,325000,348200,250800,563200,367000,372600,512600,269500,218500,304600,322200,529000,217400,176600,367200,388100,239100,111400,111400,272300,274900,234800,232600
2018-06-01 00:00:00,483400,608700,328800,554500,712100,830500,586700,432100,435400,291300,323400,232200,248900,227300,260100,249200,444500,335900,315600,369200,245100,398500,438400,300700,327800,352600,259900,583500,370700,365400,514800,273600,231300,306600,328000,536600,197600,177600,368300,390800,229800,111800,111800,274000,276900,238100,236000
2018-07-01 00:00:00,484300,606600,334300,550500,709500,827900,585800,433300,433800,291200,322800,233600,247200,226800,257500,248900,449000,337000,320600,372900,248500,404000,445900,300000,332500,353100,261300,583100,372400,352700,527400,282500,225400,303500,328900,542700,210400,180700,366300,387400,237000,112300,112300,270800,273700,243100,240800
2018-08-01 00:00:00,483800,603000,337600,543900,706100,825400,583100,432400,429400,290100,321200,233100,245500,223200,256500,246000,452100,339900,313100,376600,245300,407800,443100,304200,337600,351600,269400,580900,370300,379800,532100,280100,232800,312800,335300,548100,214300,177500,368100,390400,231200,116500,116500,272500,275900,243200,240300
2018-09-01 00:00:00,485000,601700,344200,540800,704000,823300,582300,434400,429400,287900,319000,231200,244100,222500,254600,245100,457400,343400,325800,374500,245600,413400,446200,306000,343600,361900,274800,566300,373600,363700,550300,281800,244400,310700,339000,555400,206800,179900,372100,394900,230400,115300,115300,275000,278200,240600,238900
2018-10-01 00:00:00,484300,598900,346100,551300,701600,822100,580300,425100,423200,286700,319000,227400,243600,216100,255400,247900,459700,345500,326300,377400,252000,413400,456000,313100,345400,373000,282300,579000,374400,355300,546200,282900,238500,312500,345300,556500,215200,179500,366100,387400,233400,116200,116200,277700,281000,240900,237600
2018-11-01 00:00:00,484200,597200,350100,557000,697600,816100,579700,421300,428900,286000,317800,227600,244300,220800,254500,250600,461700,346500,319300,380800,251600,414500,454000,315700,348300,376000,286000,581500,381200,354300,555500,289700,251300,307100,345400,557900,221300,185100,372900,395300,234300,115600,115600,279700,282800,243400,240400
2018-12-01 00:00:00,481300,590200,347300,561900,689400,803800,578400,415000,422000,286200,319400,226500,241700,220100,252000,254700,463300,347500,321300,390300,271300,416400,471700,318000,353100,384100,289800,591700,382800,355200,543700,290600,248100,297200,342700,558700,223800,188400,366900,387300,239700,115900,115900,281500,285000,237600,235000
2019-01-01 00:00:00,476300,585200,349000,555500,682500,794300,569500,404900,426600,283700,315400,225600,241400,212600,253800,256500,458000,334000,312600,391500,261200,416700,447700,321400,351000,383600,289800,583900,383200,354800,532100,291400,240000,311000,337900,554600,232200,187300,368800,389400,240900,115300,115300,278300,281800,242400,239900
2019-02-01 00:00:00,471800,578100,344200,552900,672200,783900,561000,396500,431400,281900,312800,226100,241600,213300,253300,258400,455900,318900,321000,398600,281000,419400,445400,326100,349500,391600,294700,566300,392000,353300,536500,284600,260400,299300,338800,552200,224000,192300,362800,382200,243000,124300,124300,275100,278200,244100,241600
2019-03-01 00:00:00,467900,571700,340700,549100,662400,767700,556100,395200,432600,280400,310400,225000,239000,210200,250800,254100,453600,324100,336700,397300,262500,415700,449000,333800,340800,391500,303000,567000,390400,353800,539800,283900,247300,299800,341600,547000,229900,201700,370900,391600,239300,129100,129100,276600,279900,243300,241000
2019-04-01 00:00:00,467900,571300,341400,548200,662200,769100,554400,405000,428000,280300,310600,224800,240500,208100,253600,252300,456400,328400,345600,399300,272000,416700,451200,330500,344900,391600,300400,567400,386600,367300,544500,295900,244500,295400,342500,549800,229000,202900,369200,389300,240700,125400,125400,273900,277000,240200,237800
2019-05-01 00:00:00,470800,570200,340500,548700,660600,770100,550500,403600,430200,279400,309300,224400,238300,209000,250200,249000,464400,339500,350200,398500,275200,422200,468000,332900,351400,390300,309200,582400,386800,385700,542100,303900,254300,311300,343500,557800,226900,217400,380600,401900,242900,133200,133200,281000,284000,236500,234700
2019-06-01 00:00:00,471900,568300,341800,551600,658600,766000,550600,404300,424200,278800,307700,225600,236300,203200,249700,248000,469400,345900,356900,397300,281000,430200,472700,336600,364400,384100,306900,588900,395000,380900,543500,310100,259000,313700,348500,564100,240000,214400,378100,399500,240200,128800,128800,281700,284100,230100,227900
2019-07-01 00:00:00,473900,570200,346100,557700,659300,767100,551500,395300,428600,279200,308700,225000,238300,207800,251000,251800,472500,350700,357300,396200,283400,434600,470800,338400,371700,383800,312900,593000,398800,398800,547500,312400,252600,323000,351500,567600,238500,234100,380000,402000,239200,130100,130100,285900,288100,228900,227000
2019-08-01 00:00:00,479000,575200,349400,561100,664500,774700,555200,406400,432900,279400,308500,225900,239000,204100,253000,253600,479800,347200,364500,404200,285100,438200,480900,341900,378000,390000,312600,604000,416500,407300,562600,317100,248400,335300,358700,576100,240900,229400,385900,408200,241900,130800,130800,288000,290100,234200,231600
2019-09-01 00:00:00,482400,577700,348600,560300,667000,777000,557200,399400,437700,278700,308600,224200,239000,203300,253200,254200,483900,348900,374900,409700,291800,441000,478100,339500,387300,389600,313600,614600,422400,406500,569100,323200,269400,335800,360000,580700,255700,232300,407000,431900,245500,132800,132800,290200,292300,237500,234700
2019-10-01 00:00:00,486000,580300,346700,560100,670400,780200,560600,413500,435500,278800,307700,225900,236800,204200,249900,257900,490600,344100,381100,411800,294800,446900,486800,347300,388500,392300,322900,618000,423200,395100,582800,333600,286600,343500,366800,588600,262700,239800,397000,420200,249800,133800,133800,288300,290500,238800,236700
2019-11-01 00:00:00,488900,584300,350300,563500,675300,787600,563100,413200,435700,280300,309700,226100,238900,205500,252100,253200,493800,347600,377700,414500,298700,451000,487200,354900,387300,392100,324300,617000,428200,392000,587700,333600,294700,345200,364900,593000,271300,233700,400000,423300,249900,135200,135200,287400,289900,230700,228000
2019-12-01 00:00:00,491400,589200,358000,570300,683000,802500,566200,416200,432700,281000,311300,226100,241200,208400,255300,250800,496100,350800,371800,413900,303200,452800,493700,359000,386100,396900,324300,618700,431200,398800,595400,337500,279800,370200,374900,596800,270300,242800,410800,435700,250000,138600,138600,291000,293500,235000,231300
2020-01-01 00:00:00,494300,594000,353900,574900,690300,809000,568200,415200,437100,281100,310600,226200,242600,202200,258600,244100,499800,366000,376600,423500,305300,452400,497000,365800,391400,401800,334900,611600,428900,373600,594900,358700,270500,339100,380100,599100,275100,242300,411500,436700,248100,141300,141300,293600,296600,230900,227500
2020-02-01 00:00:00,493400,591400,350100,576300,682100,798100,566500,419000,449200,279800,310800,222900,237600,187900,255700,251300,501800,363700,376700,418000,313000,453000,509600,369300,395500,393400,333600,634300,426500,380600,592100,367600,296400,355300,379800,602700,293100,252300,401000,425200,247000,139900,139900,308300,311100,233700,230100
2020-03-01 00:00:00,492000,584800,350500,570900,678400,793300,563600,416700,429200,276900,306700,221500,239800,196800,256100,254500,503300,365200,370400,421200,314500,459600,502700,373400,396800,394600,327400,659200,427200,380300,586900,368700,287600,346900,383000,605800,274400,260400,399900,424400,246100,140600,140600,301500,304700,228800,224700
2020-04-01 00:00:00,490600,579500,347800,565000,670700,780500,559400,415000,430100,272500,301700,219700,238900,204200,252800,253000,506400,370600,371800,422600,321300,464100,507300,367600,396500,393200,334000,654800,430200,374900,587800,369300,290300,368800,381900,611300,256100,256800,407500,432900,250000,140700,140700,303400,306700,233900,230000
2020-05-01 00:00:00,491100,580600,350000,565200,671200,782100,560500,417100,431700,270500,299400,218100,243600,211500,256300,249900,508200,369200,373600,429300,306400,471000,504800,368900,394200,391900,337100,644600,432000,378500,599500,363700,303100,349500,390100,613000,281300,251800,401100,426600,244800,139700,139700,299500,302500,230700,226000
2020-06-01 00:00:00,497500,586600,354300,568400,677200,787500,566500,418200,435700,270000,299200,216600,240400,210700,252900,253500,516800,361000,381700,433100,319900,476800,526400,369400,405900,392800,342300,642100,430100,373100,611500,382200,317400,374100,389500,618600,278100,258700,407200,433200,246500,139700,139700,304000,307600,232500,228300
2020-07-01 00:00:00,507900,594800,361100,571700,686600,801000,572400,422600,443800,270200,299800,217100,240000,209700,252400,257600,533100,383300,407900,440100,322200,487900,544700,382000,423500,399100,361200,658600,439200,391600,629400,393100,337400,386200,396300,637600,290400,274300,413000,440600,246900,141900,141900,311200,315000,234500,230900
2020-08-01 00:00:00,518100,603000,366600,580900,694500,809800,579300,434200,452800,273600,302500,222300,240800,212300,252800,260200,546700,401700,404500,450500,322700,501100,557200,385700,438000,402000,369800,667500,454900,401000,648900,407800,356800,394800,407700,650600,288900,283900,422300,451200,250200,142600,142600,318600,322700,233700,230400
2020-09-01 00:00:00,526100,611000,367500,582200,703300,820400,587200,442500,462600,276400,305800,224300,244700,216600,256600,262200,555400,417900,412200,466900,316600,513300,564200,399400,441300,414500,384000,682700,463000,416700,664600,416300,374300,408800,419300,657400,297500,292400,433200,463600,252300,145000,145000,323700,328300,240100,235700
2020-10-01 00:00:00,532300,619000,373600,589900,711600,829200,594400,449300,471300,280700,311200,227200,245500,217700,257100,262800,560900,435900,419400,479200,320200,523000,573900,401100,452100,420500,388200,668900,476200,418800,670600,417400,382300,411700,431600,662500,288400,297200,426700,456400,251400,147500,147500,336600,341700,240200,236800
2020-11-01 00:00:00,538000,625300,383000,598200,716600,833900,599400,460300,478700,281200,312100,226200,248200,218100,260400,261000,568200,450900,438400,497700,322700,527400,584200,410400,461100,432500,399600,684600,479500,428800,679500,422500,398900,427600,446400,666700,303200,305500,422900,451800,255700,149000,149000,346000,351200,244300,240700
2020-12-01 00:00:00,544500,633200,393600,604200,722600,841200,605500,467200,498000,282700,312600,230200,246000,217700,258900,254800,579300,465900,453700,509700,330900,545300,595500,419400,492000,455500,411200,687100,475400,455400,700000,445500,413800,424900,448700,673100,308200,312900,425300,455600,251600,155300,155300,353900,359100,250700,247700
2021-01-01 00:00:00,551900,639200,406100,614900,727700,841700,613100,482700,497800,283300,313900,228400,248900,218000,262200,259700,589800,478600,452800,516200,332500,565700,619200,423100,507700,469900,451100,703300,482900,453800,713900,439000,420400,442400,463100,679000,308600,324600,433100,464800,252300,156700,156700,361300,366500,247900,244300
2021-02-01 00:00:00,565600,651500,417800,629600,740500,858500,626500,491800,501700,283700,315100,228100,248600,217800,261300,263200,608700,516000,469500,531100,339000,590800,663500,432700,525400,497300,458400,707900,511100,457800,747100,486200,440300,464500,487500,691500,323500,330900,453100,488100,256800,160800,160800,365000,370300,250100,246700
2021-03-01 00:00:00,582800,672700,434000,644600,762300,884700,643300,510000,527200,285000,317300,228200,251000,215400,265500,266600,622100,521200,516700,549600,345400,609600,650000,449400,548100,509300,472400,726500,538300,470700,766600,499500,475100,489200,505600,702500,327200,345600,466000,503500,258100,165700,165700,394700,401000,258200,254400
2021-04-01 00:00:00,593900,691300,449300,658100,784000,906200,663500,522300,541000,287200,320700,229300,251400,219000,265200,270000,630800,524900,527800,589500,397900,610700,652000,465300,581600,530600,482800,734400,562100,494600,766800,491100,475700,518200,515900,711500,342300,369100,482200,523100,258200,172200,172200,409500,415500,250400,247400
2021-05-01 00:00:00,605500,707000,463800,672300,797800,918700,680900,538000,551400,289000,323000,229600,251400,219200,264700,273700,642200,536200,534300,590300,397500,616400,657600,477800,583100,550800,484800,760300,572000,504100,780400,491300,477500,567600,514400,724500,346500,375600,490100,532000,263900,176700,176700,410700,416900,263400,260600
2021-06-01 00:00:00,615200,722300,472400,687400,811700,932300,691700,552600,565600,289400,324100,228600,251200,221500,264000,277800,650500,550700,537700,608400,427300,623800,666500,492400,588000,569200,491000,762600,587600,521400,793200,481800,475900,562600,523300,733900,359400,394600,491400,532600,271100,188800,188800,423400,429400,259100,255900
2021-07-01 00:00:00,621600,728900,471100,698600,821000,936800,704200,559400,561300,291300,326500,228800,250500,219400,263800,278100,659300,561300,550200,622600,427000,632500,686700,497200,594800,577000,493800,765800,589100,550200,803200,480000,479500,565900,529500,742900,368000,399900,489700,530000,274200,194800,194800,429800,435800,259700,256000
2021-08-01 00:00:00,631300,742700,479700,707600,837200,947600,724000,569000,571200,291000,327200,226200,252000,221400,265400,282300,669900,577400,561400,630900,430500,644300,688500,504400,608000,581100,515300,778200,587600,563900,821500,481400,471900,572800,540500,753900,379100,395900,494600,535200,278100,198700,198700,422800,428300,260400,257100
2021-09-01 00:00:00,644500,760800,493300,710300,856900,969900,742000,578700,589900,293600,327900,231300,254700,224300,268200,285200,686500,591800,565100,642200,438300,662600,705500,513200,626100,577500,525000,806300,596000,587000,847300,481400,470100,577200,552200,775800,384300,412900,477100,515500,275000,204200,204200,429400,435500,259600,256800
2021-10-01 00:00:00,660900,779900,512000,737300,875700,986500,762900,601900,608200,294300,328200,232300,255300,224100,268900,284300,707300,610600,587700,658500,447100,676600,738700,526800,650700,589400,534200,827000,616900,579700,871200,487100,469800,610300,568500,799900,393800,426200,486000,526100,275200,210900,210900,429300,434800,265600,261800
2021-11-01 00:00:00,682000,803700,522600,755700,904200,1017200,788800,624400,621400,296900,330900,233900,257300,222300,272200,288800,732400,629600,603200,672200,469900,694000,751600,534800,674100,604900,560500,846000,630900,588800,907500,502600,476800,620200,580400,832900,399000,426400,516800,562800,273600,216300,216300,434400,440000,265100,261100
2021-12-01 00:00:00,695700,823800,539300,759400,931400,1040800,818400,644800,631900,299000,335200,231500,258400,223400,275200,291300,755000,647500,624100,689700,465700,704000,772300,544800,693600,601200,585200,857300,647500,598300,934400,515400,488600,639700,595500,861800,409400,437400,511500,556400,275500,219400,219400,445300,450900,266800,262800
2022-01-01 00:00:00,723700,857600,550500,790200,969700,1075200,860900,677300,656700,305500,342800,233500,260200,225300,275700,299800,788400,680600,642600,699800,454600,761800,816300,560400,722200,611700,612400,906600,679000,625300,972700,537400,492000,666400,625200,901100,416400,459200,529400,577800,276100,224900,224900,465800,471900,273400,269200
2022-02-01 00:00:00,746300,885600,569300,810000,1001700,1107200,899000,716800,666400,313500,352300,237600,262900,223200,279700,301200,819400,705700,672000,736000,470200,807400,855900,577800,755000,623600,650000,959000,737900,665300,1031200,568400,551500,679500,684000,930000,426200,497900,538700,588900,278100,232500,232500,493000,499600,273500,269100
2022-03-01 00:00:00,757800,898600,580400,821500,1020400,1130600,910500,705300,680000,320900,360600,242700,264900,230400,280200,306200,826400,709300,681100,753700,494200,806300,853600,590900,771500,655500,632000,960200,751700,670400,1029700,566000,587800,718300,689700,936800,447100,530200,546200,597700,283500,236500,236500,518400,525900,273500,268600
2022-04-01 00:00:00,747500,897400,588600,834000,1012300,1121500,902900,693500,691500,326400,368600,244400,264400,225900,281500,310700,807200,702200,692600,753800,503400,783400,801300,601600,751100,650200,609000,945100,737000,693600,1009400,557200,599100,728500,666700,922900,466900,545600,555100,606300,295800,243200,243200,504600,512300,272100,267300
2022-05-01 00:00:00,737600,891900,577700,841700,1002900,1116700,892900,675200,689000,328500,369200,247200,264000,225800,281300,313800,789900,685600,700900,758100,507300,762700,772800,605200,716600,669000,596000,893400,722500,696600,963800,537600,594900,718700,650100,905500,480300,545100,556700,608300,298300,257900,257900,505700,513800,268100,263400
2022-06-01 00:00:00,721700,872100,566300,822700,987200,1097500,874600,659200,645000,329200,370200,246900,266700,226700,284700,318900,772100,661500,696700,746200,554400,740500,764400,592900,684700,672700,572000,860100,698200,702600,933500,535500,597000,701500,625300,885000,477300,535900,558000,609200,302400,258700,258700,492600,500300,276700,271200
2022-07-01 00:00:00,709900,864900,563200,809300,975600,1085200,862500,651600,654600,328000,369400,244200,269500,227500,288200,312200,755100,635900,675200,734000,541400,719300,735000,589800,660900,671400,547500,841900,682800,689300,920000,524000,598300,693600,611400,869300,485300,556300,538200,584700,305500,262200,262200,484800,493300,273800,268700
2022-08-01 00:00:00,693800,849400,553200,801400,957500,1068600,841300,627800,646500,328900,371000,243800,269000,231700,287000,305400,733500,612200,651500,704100,567400,699100,715200,575400,645400,665200,523500,845700,653300,665100,899800,504500,562900,655100,578300,843700,480500,537000,518600,559900,312500,264100,264100,477900,485900,277800,271700
2022-09-01 00:00:00,684900,840700,551600,793600,945000,1058000,827600,626200,646600,326400,372200,232900,266400,228800,284400,303200,723700,601500,626200,677000,555300,681000,720900,565700,640300,655800,513600,818700,621800,625700,881800,502600,548300,650800,580100,834900,444700,504500,517300,559800,308300,261600,261600,466400,474500,269500,263000
2022-10-01 00:00:00,679200,835300,541300,780400,939800,1057100,819400,608600,649600,325900,373100,228800,266700,226800,285100,297300,717400,596100,597100,665900,530000,671300,709200,556400,631500,654200,510800,830300,629100,564200,882400,503600,534100,643400,566600,828300,429000,508300,519300,564400,297700,264300,264300,464800,473200,268300,261700
2022-11-01 00:00:00,672800,827600,536800,770900,932200,1047100,813000,593400,645000,325100,373000,227300,265000,219100,285100,295200,712800,597200,582300,654900,478100,667400,723500,549500,627600,622600,506700,808500,634000,549700,876200,499200,529100,635700,561400,821900,400800,478300,502400,544700,293900,260400,260400,473800,482400,272200,266000
2022-12-01 00:00:00,663400,820300,534100,765600,926700,1042900,803800,585400,638800,328600,377500,229900,268200,226400,289000,295900,701300,589100,572200,646000,425300,664100,689500,544800,619600,627600,516900,819900,623300,557200,869100,476900,497700,633900,558800,811400,400600,434100,508400,551600,296700,258200,258200,471700,480500,265300,258500
2023-01-01 00:00:00,658800,817500,531200,760500,922300,1052700,787800,577100,639000,330800,380300,230300,266100,229400,283500,287000,694300,582100,570200,643600,427700,652100,687800,542100,610600,621400,495700,797500,616400,585700,859800,475700,486500,637300,548000,804900,408500,443500,508200,551100,299400,253600,253600,478600,486700,266900,260400
2023-02-01 00:00:00,654300,822100,529100,750000,919200,1054300,781400,574600,665800,331900,382900,227000,267600,229900,285200,284600,685200,567800,562600,637200,439700,653500,678700,545700,595600,601400,487000,784600,612300,599100,853900,478100,480200,622400,544500,794800,406100,458500,515900,560800,294900,256300,256300,456300,463600,263000,256600
2023-03-01 00:00:00,653800,808400,524800,749900,917600,1050200,780300,572500,616800,333200,384600,226100,268100,233500,284100,285500,688700,569700,570300,627400,433800,649700,689900,529800,596900,585900,480900,774500,609800,636600,853600,469500,489700,598800,536500,802300,406300,451600,517800,560800,306700,255300,255300,465700,472700,262400,256500
2023-04-01 00:00:00,661400,818300,520900,754300,927800,1059400,793900,585000,627600,336900,390100,227600,271400,225800,291400,287300,698400,576900,571100,627600,451400,657300,712900,518400,602400,576300,491500,799700,614800,606700,881600,480500,495800,572100,541800,815600,388100,464400,524600,566900,316400,255000,255000,469100,476400,273500,266700
2023-05-01 00:00:00,671000,825900,527700,758500,933000,1063400,806800,587900,635500,341400,395400,228400,273000,223600,294400,289500,714200,588600,571700,630700,459900,666100,732700,518700,619500,573100,506200,842900,608300,605000,916800,493400,505100,571300,549400,833100,397300,461300,529200,572300,315000,252500,252500,479100,486200,285200,278900
2023-06-01 00:00:00,681600,845100,540200,758800,958000,1085300,828300,597600,645900,348800,404500,230900,274200,223600,296200,288800,723400,601100,577800,640900,466000,697000,719700,526900,642300,576700,516900,876600,613700,607000,935800,500600,514000,591400,562200,842500,404600,474400,522200,564500,314000,248300,248300,486800,493700,282200,276300
2023-07-01 00:00:00,686800,853100,547700,770400,969600,1098500,837800,605700,645400,353800,410600,233200,274600,224700,296500,290700,728400,613200,586500,648600,472700,688600,723200,525200,657600,577400,524800,888700,617700,606600,940900,495500,523800,606700,571300,847000,399100,490200,534000,578300,316400,247800,247800,487000,494000,281300,274600
2023-08-01 00:00:00,691300,862100,555400,775200,979800,1111400,846100,608600,659300,357700,417000,232000,277900,224900,301300,297000,733900,625700,592700,664000,477200,689800,736400,531000,655500,579900,524300,878300,631200,606600,937300,506300,533200,664100,571100,852600,409800,494100,539600,583900,322500,252900,252900,508600,515900,279100,272600
2023-09-01 00:00:00,690300,863500,554300,780100,986200,1115900,853500,616900,641400,363800,423200,238900,280100,223700,305000,299600,732600,612400,605900,678800,487400,687200,735100,533300,650500,587000,521000,876200,628000,624100,925700,514600,532000,656600,566100,851400,414400,490000,538200,583300,319900,258000,258000,515700,522100,280400,273900
2023-10-01 00:00:00,685500,863700,556500,777500,988700,1119400,855300,622200,633600,369300,431000,238700,283500,228200,308000,307300,724200,599800,610900,676900,477600,684400,707600,539600,643300,578800,531200,854700,626400,579600,924400,507600,512900,651200,557500,842200,441500,482900,529000,573300,318600,259400,259400,522400,528700,277700,271600
2023-11-01 00:00:00,678900,862900,555800,777000,987400,1119300,851600,620000,637400,375000,438000,243900,283400,226700,308200,304100,711200,582200,615400,673000,493900,674600,704700,532600,633600,579900,502600,857700,621600,614900,892900,501400,529300,650400,547700,825000,442800,480100,517000,557500,325200,267800,267800,520900,526500,279600,272600
2023-12-01 00:00:00,673200,859200,546200,776800,981600,1110700,846100,619200,647100,377000,441300,244400,281400,224900,308300,313700,706700,587700,604100,668200,481700,668500,715900,531100,622400,571300,486900,828500,616600,608300,884200,496700,515000,654200,549000,821600,468700,469500,523200,565800,323300,272900,272900,511800,517100,284100,277300
2024-01-01 00:00:00,665000,851800,544400,769800,977600,1101800,845800,615600,619300,380300,444700,246300,288000,229700,314100,304400,696000,576100,597400,662400,482500,667600,691500,526700,611000,567500,479200,834000,608300,596300,877300,473500,516600,633800,538400,811200,436700,459100,525700,569900,320300,276400,276400,511300,516700,280900,274000
2024-02-01 00:00:00,663100,851900,536600,766600,975500,1098600,843300,617300,622700,385000,448300,250700,291300,230800,318100,321000,695900,581300,589800,650900,475300,662300,695600,521600,609300,566600,479600,823100,603500,587200,879900,484300,499500,640600,528400,812300,436000,453700,533500,577900,327700,275700,275700,515700,521300,287700,280100
2024-03-01 00:00:00,663700,852300,528900,776300,977300,1103000,841500,618700,624900,390100,453800,253900,292000,231100,319600,317300,694800,576700,580000,649200,474800,664000,694200,518700,608500,562600,484800,815100,605400,573900,875100,474900,528300,647700,530800,811000,426300,455600,541800,588200,331000,281400,281400,511700,517200,292300,284600
2024-04-01 00:00:00,662000,849600,532600,769000,978100,1109200,837200,619700,616500,394000,457500,255200,295200,236500,322000,314500,695800,578500,570800,649300,459600,664500,706200,522700,609200,565900,493100,808200,605100,587100,881300,486200,537700,681100,531100,811800,426700,458500,546100,592600,334100,283900,283900,509300,514700,293100,285100
2024-05-01 00:00:00,661300,851000,532500,771600,978600,1117600,836700,632400,615800,397600,461700,256900,297300,240900,323400,313500,695800,577700,568100,644600,457800,670300,714300,525700,614000,554900,488900,805300,613600,564600,878500,502400,523500,633200,534200,811200,415200,461100,539300,585000,334500,287400,287400,509300,514800,300800,292300
2024-06-01 00:00:00,661200,849100,532200,779700,979800,1117300,834900,630100,603200,400100,463400,261500,300200,243800,325900,312600,697800,584000,563500,641800,469500,671400,719300,526800,614600,548800,506500,808400,611200,571700,885800,492100,521300,596900,539800,815300,423100,468500,550200,597400,339200,292700,292700,516000,522000,288900,279800
